"","bioguide_id","icpsr_id"
"1","A000069",14400
"2","A000360",40304
"3","A000109",29108
"4","A000121",29148
"5","B000243",14203
"6","B001233",49901
"7","B000382",49307
"8","B000444",14101
"9","B000468",14912
"10","B000611",15501
"11","B000711",15011
"12","B000953",29523
"13","B001066",15406
"14","B001126",15701
"15","B001135",29548
"16","B001210",1366
"17","C000127",39310
"18","C000174",15015
"19","C001040",49905
"20","C000286",29512
"21","C001041",40105
"22","C000560",29555
"23","C000567",14009
"24","C001057",40302
"25","C001035",49703
"26","C000705",15502
"27","C001056",40305
"28","C001042",40104
"29","C000858",14809
"30","C000880",29345
"31","D000596",40101
"32","D000595",29936
"33","D000294",15020
"34","D000388",14213
"35","D000601",40303
"36","D000407",14103
"37","D000432",14812
"38","D000563",15021
"39","E000194",29537
"40","E000285",49706
"41","F000061",49309
"42","F000062",49300
"43","F000439",49502
"44","G000359",29566
"45","G000386",14226
"46","G000445",14826
"47","H001028",49704
"48","H000206",14230
"49","H000338",14503
"50","H001016",49306
"51","I000024",15424
"52","I000025",4812
"53","I000055",29909
"54","J000072",94240
"55","J000177",15425
"56","K000105",10808
"57","K000148",14920
"58","K000305",15703
"59","K000352",15429
"60","L000550",49702
"61","L000123",14914
"62","L000174",14307
"63","L000261",14709
"64","L000304",15704
"65","L000035",29305
"66","L000447",14031
"67","L000504",14506
"68","M001162",40501
"69","M000303",15039
"70","M000355",14921
"71","M000702",14440
"72","M001153",40300
"73","M001111",49308
"74","N000180",40103
"75","N000032",14651
"76","O000167",40502
"77","P000590",40301
"78","R000122",29142
"79","R000146",15054
"80","R000307",14852
"81","R000361",14922
"82","S001163",40500
"83","S000059",29141
"84","S000064",13039
"85","S000148",14858
"86","S001141",49700
"87","S000320",14659
"88","S001142",49705
"89","S000709",14910
"90","S000770",29732
"91","S000888",12109
"92","S001078",29740
"93","T000024",29369
"94","T000162",15633
"95","T000250",29754
"96","V000127",29918
"97","V000126",49903
"98","W000154",14712
"99","W000779",14871
"100","A000014",15245
"101","A000022",15000
"102","A000055",29701
"103","A000358",20123
"104","A000361",90327
"105","A000357",29728
"106","A000210",29132
"107","B001234",29942
"108","B000013",29301
"109","B001229",29938
"110","B000072",15401
"111","B001230",29940
"112","B001239",20347
"113","B001252",20507
"114","B000208",29356
"115","B000213",15085
"116","B000220",29538
"117","B001253",20509
"118","B001240",20312
"119","B000287",29316
"120","B001231",29922
"121","B000410",15005
"122","B000420",29702
"123","B001232",29912
"124","B000463",15006
"125","B001250",20357
"126","B000490",29339
"127","B001242",20338
"128","B001243",20351
"129","B000574",29588
"130","B000575",29735
"131","B000586",15007
"132","B000589",29137
"133","B000617",39302
"134","B001244",20300
"135","B001228",29775
"136","B001236",20101
"137","B001245",NA
"138","B001254",20523
"139","B000652",29721
"140","B000657",15010
"141","B001255",20514
"142","B000716",29713
"143","B001246",20335
"144","B000755",29760
"145","B001227",29777
"146","B001247",20313
"147","B000911",29328
"148","B001235",20137
"149","B000944",29389
"150","B001248",20355
"151","B001149",15014
"152","B001251",20340
"153","B001203",29350
"154","C000059",29323
"155","C000071",29124
"156","C000116",29766
"157","C001046",20144
"158","C001047",20146
"159","C001036",29774
"160","C001037",29919
"161","C000141",15408
"162","C001050",20306
"163","C001060",20516
"164","C000191",29720
"165","C001051",20356
"166","C001055",20322
"167","C000243",29327
"168","C000266",29550
"169","C001058",20326
"170","C001052",20324
"171","C000380",NA
"172","C001049",20147
"173","C001061",20517
"174","C000537",39301
"175","C000556",15092
"176","C001053",20344
"177","C001062",20531
"178","C000714",10713
"179","C000754",15019
"180","C001059",20501
"181","C000794",15453
"182","C000830",15601
"183","C000868",29100
"184","C001045",20111
"185","C001038",29925
"186","C000962",29584
"187","C001063",20533
"188","C001048",20139
"189","D000602",20302
"190","D000096",29717
"191","D000114",29714
"192","D000597",20141
"193","D000599",20350
"194","D000598",20108
"195","D000136",29576
"196","D000603",20511
"197","D000168",99342
"198","D000191",15410
"199","D000197",29710
"200","D000210",29731
"201","D000216",29109
"202","D000217",15094
"203","D000604",20526
"204","D000299",29336
"205","D000600",20316
"206","D000327",14413
"207","D000355",2605
"208","D000399",29571
"209","D000429",29104
"210","D000482",29561
"211","D000605",20534
"212","D000492",14813
"213","D000533",15455
"214","E000063",29144
"215","E000092",29362
"216","E000287",20323
"217","E000172",29736
"218","E000179",15603
"219","E000187",29563
"220","E000215",29312
"221","E000226",29745
"222","E000250",15023
"223","E000268",29300
"224","F000010",NA
"225","F000030",29313
"226","F000043",29559
"227","F000447",20315
"228","F000443",20127
"229","F000116",29325
"230","F000451",20524
"231","F000444",20100
"232","F000238",29510
"233","F000445",20143
"234","F000262",29756
"235","F000449",20518
"236","F000452",NA
"237","F000440",29773
"238","F000450",20521
"239","F000339",14824
"240","F000448",20304
"241","F000372",29541
"242","G000021",15413
"243","G000548",20336
"244","G000549",20345
"245","G000152",29739
"246","G000180",29122
"247","G000210",15604
"248","G000550",20319
"249","G000552",20527
"250","G000544",29943
"251","G000280",89767
"252","G000289",39308
"253","G000309",15100
"254","G000377",29762
"255","G000546",20124
"256","G000410",39304
"257","G000545",29941
"258","G000553",20529
"259","G000551",20305
"260","G000535",29348
"261","G000536",29532
"262","H000067",14828
"263","H000213",29318
"264","H001035",20314
"265","H001033",20133
"266","H000323",15417
"267","H000324",29337
"268","H000329",29580
"269","H001029",29929
"270","H000413",29502
"271","H000444",15419
"272","H001036",20352
"273","H000528",15420
"274","H001037",20349
"275","H001038",20519
"276","H000627",29380
"277","H000636",29763
"278","H000666",29136
"279","H000676",29361
"280","H000712",29396
"281","H001032",29923
"282","H001034",20103
"283","H000762",29750
"284","H000807",29520
"285","H000874",14873
"286","H000948",29737
"287","H000981",14835
"288","H001022",14239
"289","I000023",39300
"290","I000026",29937
"291","I000057",20129
"292","I000056",20107
"293","I000047",29392
"294","J000032",29573
"295","J000283",29585
"296","J000070",29120
"297","J000082",29755
"298","J000287",20512
"299","J000126",39305
"300","J000163",15028
"301","J000174",29143
"302","J000285",20116
"303","J000284",29930
"304","J000255",29546
"305","K000008",15104
"306","K000009",15029
"307","K000361",20112
"308","K000078",29544
"309","K000358",20121
"310","K000113",29564
"311","K000172",14430
"312","K000180",29733
"313","K000188",29769
"314","K000210",29375
"315","K000362",20325
"316","K000220",29338
"317","K000360",20115
"318","K000363",20333
"319","K000288",29365
"320","K000306",15105
"321","K000336",29748
"322","K000364",20520
"323","L000552",29517
"324","L000559",20136
"325","L000560",20145
"326","L000557",29908
"327","L000111",29522
"328","L000553",29553
"329","L000169",14432
"330","L000551",29778
"331","L000263",15033
"332","L000274",14644
"333","L000287",15431
"334","L000293",29352
"335","L000321",29341
"336","L000563",20508
"337","L000554",29539
"338","L000397",29504
"339","L000480",15612
"340","L000491",29393
"341","L000517",14647
"342","L000562",20119
"343","M001155",20503
"344","M000087",29379
"345","M001138",29349
"346","M001158",20532
"347","M000133",14435
"348","M001146",20317
"349","M001142",20140
"350","M001163",20538
"351","M000249",14649
"352","M000309",29744
"353","M001157",20530
"354","M001143",20122
"355","M001147",20332
"356","M000388",15451
"357","M000404",15613
"358","M000312",29729
"359","M001156",20522
"360","M000472",39316
"361","M000485",29746
"362","M000508",29315
"363","M000523",29344
"364","M001159",20535
"365","M000590",15614
"366","M000627",29358
"367","M001148",20358
"368","M001137",29776
"369","M001161",20513
"370","M000639",29373
"371","M000689",29331
"372","M001149",20328
"373","M000714",29586
"374","M001154",20341
"375","M001150",20331
"376","M001139",29905
"377","M000725",14256
"378","M001144",20110
"379","M000844",15083
"380","M001140",29915
"381","M001160",20537
"382","M000933",29149
"383","M000934",29722
"384","M001151",20346
"385","M001120",14072
"386","M001152",20311
"387","M001134",29549
"388","N000002",29377
"389","N000179",29903
"390","N000015",15616
"391","N000182",20353
"392","N000081",29552
"393","N000143",29725
"394","N000159",29513
"395","N000181",20307
"396","N000172",29118
"397","O000006",14265
"398","O000007",12036
"399","O000085",29123
"400","O000107",15049
"401","O000165",20126
"402","O000166",20114
"403","O000159",15050
"404","O000163",14875
"405","P000034",15454
"406","P000096",29741
"407","P000099",29101
"408","P000583",14290
"409","P000149",15619
"410","P000588",20337
"411","P000197",15448
"412","P000587",20117
"413","P000258",29127
"414","P000263",29751
"415","P000265",14675
"416","P000323",29734
"417","P000373",29752
"418","P000585",20135
"419","P000592",20528
"420","P000419",29311
"421","P000422",29384
"422","P000589",20334
"423","P000449",29386
"424","P000523",15438
"425","P000591",20505
"426","P000555",29390
"427","P000586",20113
"428","R000011",14448
"429","R000033",29126
"430","R000053",13035
"431","R000141",14045
"432","R000571",20125
"433","R000578",20536
"434","R000574",20303
"435","R000569",29928
"436","R000395",14854
"437","R000572",20120
"438","R000409",15621
"439","R000435",15634
"440","R000573",20102
"441","R000462",29742
"442","R000486",29317
"443","R000487",29321
"444","R000576",20329
"445","R000515",29346
"446","R000570",29939
"447","R000577",20343
"448","R000566",29723
"449","S000005",14656
"450","S001158",20502
"451","S001156",20310
"452","S000030",29709
"453","S000033",29147
"454","S000097",15112
"455","S001145",29911
"456","S001150",20104
"457","S001164",20540
"458","S001162",20525
"459","S001161",20515
"460","S001157",20321
"461","S000185",39307
"462","S000244",14657
"463","S000248",29134
"464","S000250",29759
"465","S000275",29501
"466","S000303",14860
"467","S001144",15449
"468","S000344",29707
"469","S001146",29933
"470","S000364",29718
"471","S001154",20134
"472","S001152",20109
"473","S001148",29910
"474","S000465",14451
"475","S000480",15444
"476","S000510",29768
"477","S000522",14863
"478","S000583",15445
"479","S000672",29703
"480","S001160",20510
"481","S001153",20105
"482","S001143",29519
"483","S000749",15064
"484","S000810",14053
"485","S000822",15627
"486","S001004",29747
"487","S001045",29360
"488","S001155",20131
"489","S001149",29927
"490","T000458",29907
"491","T000038",15628
"492","T000057",29705
"493","T000067",29135
"494","T000074",15637
"495","T000459",29921
"496","T000188",14669
"497","T000193",29368
"498","T000460",29901
"499","T000238",29572
"500","T000260",29524
"501","T000462",20130
"502","T000266",29730
"503","T000326",15072
"504","T000463",20342
"505","U000038",29906
"506","U000039",29924
"507","U000031",15446
"508","V000128",20330
"509","V000081",29378
"510","V000108",15124
"511","W000791",29932
"512","W000099",15630
"513","W000119",29567
"514","W000797",20504
"515","W000187",29106
"516","W000794",20106
"517","W000207",29383
"518","W000215",14280
"519","W000792",29926
"520","W000268",15447
"521","W000267",29509
"522","W000273",29516
"523","W000796",20506
"524","W000314",29715
"525","W000413",29525
"526","W000437",29534
"527","W000789",29779
"528","W000795",20138
"529","W000672",14869
"530","W000738",29309
"531","W000793",29931
"532","W000784",29355
"533","Y000031",13047
"534","Y000033",14066
"535","C001064",20539
"536","C000994",29107
"537","S000663",14661
"538","C000984",29587
"539","L000090",14837
"540","N000147",NA
"541","R000004",29505
"542","R000170",29764
"543","R000575",20301
"544","B000461",29508
"545","A000355",49500
"546","A000217",15125
"547","A000215",13002
"548","A000356",49501
"549","B000081",29528
"550","C000107",29332
"551","B001238",20339
"552","B000104",15402
"553","B000134",29363
"554","B000169",29511
"555","B000177",39315
"556","B000229",15003
"557","B000400",29574
"558","B000556",14802
"559","B000619",14407
"560","B000644",15008
"561","B000780",13056
"562","B000993",15700
"563","B000996",29569
"564","C000077",15407
"565","C000100",15600
"566","C001044",20132
"567","C000494",29382
"568","C001034",49701
"569","C000503",15450
"570","C000653",15093
"571","C000670",15635
"572","C000722",29765
"573","C000735",29726
"574","C000846",14808
"575","D000046",29370
"576","D000064",14617
"577","D000373",14620
"578","E000093",29529
"579","E000282",29115
"580","F000442",49900
"581","F000441",29917
"582","F000257",29542
"583","F000328",29329
"584","G000120",14825
"585","G000121",15026
"586","G000212",14015
"587","G000291",14288
"588","G000333",14904
"589","G000352",15503
"590","G000365",14628
"591","G000547",20128
"592","H000074",14632
"593","H000172",14829
"594","H000463",14105
"595","H000605",29738
"596","H000615",29568
"597","H000621",29302
"598","H000725",11204
"599","H001015",29306
"600","H001014",29704
"601","J000286",20348
"602","J000110",29727
"603","K000016",15030
"604","K000359",20118
"605","K000357",29904
"606","L000556",14248
"607","L000096",29554
"608","L000155",29374
"609","L000521",29533
"610","M000090",29712
"611","M000212",29562
"612","M000350",14842
"613","M000481",29518
"614","M000628",29334
"615","M000669",29578
"616","M000720",29333
"617","M001141",49904
"618","M000795",29366
"619","M000797",10757
"620","M000834",14039
"621","M000941",15434
"622","M001054",14508
"623","M001085",14907
"624","N000102",14908
"625","P000005",15051
"626","P000171",29719
"627","P000584",29913
"628","P000326",15437
"629","P000444",14677
"630","C001043",40102
"631","E000286",49902
"632","R000258",29700
"633","R000281",29531
"634","R000386",29708
"635","R000460",11044
"636","R000465",14855
"637","S000018",29500
"638","S000051",29565
"639","S000094",15442
"640","S000106",39508
"641","S000112",29711
"642","S001147",29920
"643","S000394",14052
"644","S000463",14861
"645","S000606",15116
"646","S000718",13042
"647","S001044",14454
"648","T000457",49503
"649","T000253",29330
"650","T000254",9369
"651","T000317",15071
"652","T000350",15121
"653","V000087",14458
"654","W000194",14462
"655","W000288",49101
"656","W000315",29753
"657","H000789",29320
"658","R000385",29117
"659","W000210",29556
"660","H000814",15423
"661","A000359",NA
"662","H001030",29914
"663","T000058",14679
"664","D000424",29105
"665","S000851",14664
"666","B001241",20354
"667","R000568",29771
"668","M001145",20318
"669","G000132",14421
"670","B000403",14605
"671","O000164",29902
"672","S001151",20142
"673","N000051",29581
"674","Q000016",29381
"675","G000439",29397
"676","D000549",39312
"677","K000259",15082
"678","T000424",29758
"679","H001031",29934
"680","M000316",29535
"681","L000558",29916
"682","F000392",14626
"683","B001249",20320
"684","S000044",29757
"685","C000640",29340
"686","L000043",29761
"687","S000597",29364
"688","T000461",29935
"689","D000275",29335
"690","C000873",12041
"691","G000336",15605
"692","M000477",29326
"693","L000342",15036
"694","C001070",40703
"695","C001071",40705
"696","K000367",40700
"697","M001170",40701
"698","W000802",40704
"699","T000464",40702
"700","W000803",40706
"701","A000362",20743
"702","A000363",20736
"703","B001256",20728
"704","B001257",20758
"705","B001258",20721
"706","B001259",20719
"707","B001260",20709
"708","C001065",20746
"709","C001066",20708
"710","C001067",20733
"711","C001068",20748
"712","C001069",20706
"713","D000606",20747
"714","D000607",20717
"715","E000288",20727
"716","E000289",20718
"717","F000453",20742
"718","G000554",20701
"719","G000555",20735
"720","H001039",20734
"721","H001040",20716
"722","H001041",20730
"723","H001042",20713
"724","H001043",20732
"725","J000288",20712
"726","J000289",20738
"727","K000365",20751
"728","K000366",20711
"729","L000564",20704
"730","L000565",20720
"731","M001164",20710
"732","M001165",20703
"733","M001166",20702
"734","M001167",20700
"735","M001169",20707
"736","M001168",20745
"737","P000593",20705
"738","R000580",20715
"739","S001167",20714
"740","S001168",20724
"741","S001169",20744
"742","S001170",20731
"743","S001171",20737
"744","S001165",20542
"745","S001172",20729
"746","S001173",20741
"747","S001174",20740
"748","W000798",20725
"749","W000799",20726
"750","W000800",20750
"751","W000801",20739
"752","Y000062",20723
"753","C000052",15090
"754","S001166",20541
"755","B001261",40707
"756","B001262",20753
"757","R000581",20752
"758","T000465",20754
"759","L000566",20755
"760","W000804",20756
"761","G000225",14627
"762","L000371",14469
"763","D000018",14900
"764","G000041",29521
"765","U000014",NA
"766","B000518",29716
"767","B001237",40106
"768","S001175",20762
"769","C000488",12009
"770","M000019",15037
"771","C001073",20760
"772","S001176",20759
"773","C001074",20761
"774","C001072",20757
"775","E000290",20763
"776","R000295",15705
"777","K000146",15702
"778","G000367",29367
"779","F000454",20749
"780","S000453",15060
"781","B000179",29129
"782","F000349",29371
"783","R000417",NA
"784","C000345",29514
"785","D000312",29307
"786","M000206",14879
"787","K000270",29395
"788","W000654",15077
"789","R000584",40902
"790","J000291",40905
"791","S001181",40906
"792","H001049",40907
"793","M001176",40908
"794","W000805",40909
"795","B001264",20900
"796","G000557",20901
"797","K000368",20902
"798","M001177",20903
"799","H001048",20963
"800","P000598",20904
"801","M001172",20905
"802","C001077",20906
"803","H001047",20907
"804","G000556",20908
"805","P000599",20909
"806","R000583",20910
"807","K000370",20911
"808","M001175",20912
"809","H001044",20913
"810","S001179",20914
"811","J000290",20915
"812","G000558",20916
"813","C001079",20917
"814","F000456",20918
"815","C001075",20919
"816","P000597",20920
"817","K000371",20921
"818","S001178",20922
"819","P000595",20923
"820","P000594",20924
"821","H001045",20925
"822","L000569",20926
"823","T000468",20927
"824","A000364",20928
"825","L000567",20929
"826","H001046",20930
"827","T000466",20931
"828","L000570",20932
"829","M001174",20933
"830","T000469",20934
"831","M001171",20935
"832","L000568",20936
"833","M001173",20937
"834","K000369",20938
"835","D000609",20939
"836","A000365",20940
"837","K000372",20942
"838","B001263",20943
"839","S001180",20944
"840","D000608",20945
"841","T000467",20946
"842","R000582",20947
"843","O000168",20948
"844","C001076",20949
"845","N000183",20950
"846","P000600",20951
"847","C001078",20952
"848","L000571",20953
"849","P000596",NA
"850","S001177",NA
"851","F000455",20941
"852","B001265",40900
"853","B001266",40903
"854","K000373",40901
"855","B001267",40910
"856","Q000023",20954
"857","M001178",20956
"858","F000457",40904
"859","C001080",20955
"860","L000572",40911
"861","K000374",40912
"862","G000559",20958
"863","O000169",20957
"864","K000088",49302
"865","M000688",14648
"866","E000084",10721
"867","M000992",15045
"868","H000367",10595
"869","M000842",14846
"870","P000328",10614
"871","l000305",15106
"872","D000366",14902
"873","R000497",14909
"874","C000269",14500
"875","W000253",12032
"876","J000120",29343
"877","C000377",29536
"878","R000249",11043
"879","K000118",14877
"880","B000971",15088
"881","C000813",49301
"882","B000918",10573
"883","A000002",2
"884","A000009",14000
"885","A000011",10568
"886","A000016",13
"887","A000017",13000
"888","A000018",13001
"889","A000024",18
"890","A000031",10700
"891","A000052",10500
"892","A000054",46
"893","A000062",52
"894","A000073",62
"895","A000076",14600
"896","A000094",82
"897","A000103",12000
"898","A000105",92
"899","A000106",93
"900","A000118",14286
"901","A000127",12100
"902","A000138",121
"903","A000139",14517
"904","A000161",142
"905","A000170",14200
"906","A000177",14401
"907","A000179",158
"908","A000186",165
"909","A000189",12001
"910","A000200",177
"911","A000202",14513
"912","A000204",10702
"913","A000205",13053
"914","A000207",14001
"915","A000208",10569
"916","A000209",15001
"917","A000211",29121
"918","A000255",205
"919","A000212",10703
"920","A000213",14601
"921","A000214",14402
"922","A000216",226
"923","A000220",14878
"924","A000221",10502
"925","A000222",267
"926","A000223",270
"927","A000224",13003
"928","A000225",275
"929","A000226",15084
"930","A000329",14602
"931","A000227",291
"932","A000337",14201
"933","A000228",301
"934","B000008",29112
"935","B000024",14403
"936","B000025",13004
"937","B000028",29353
"938","B000029",14003
"939","B000035",339
"940","B000037",14603
"941","B000047",14800
"942","B000062",364
"943","B000064",10570
"944","B000069",13005
"945","B000083",14202
"946","B000108",10704
"947","B001226",39314
"948","B000139",431
"949","B000141",433
"950","B000151",29351
"951","B000153",14404
"952","B000160",14604
"953","B000170",458
"954","B000178",465
"955","B000190",476
"956","B000200",14100
"957","B000201",486
"958","B000204",15002
"959","B000222",503
"960","B000223",504
"961","B000236",15004
"962","B000239",518
"963","B000241",10503
"964","B000244",14069
"965","B000245",521
"966","B000254",10800
"967","B000272",12002
"968","B000279",14204
"969","B000280",14004
"970","B000292",563
"971","B000296",567
"972","B000298",14205
"973","B000310",10504
"974","B000315",13006
"975","B000318",14405
"976","B000323",590
"977","B000330",10505
"978","B000351",12101
"979","B000358",14801
"980","B000362",NA
"981","B000363",14406
"982","B000371",633
"983","B000377",639
"984","B000384",645
"985","B000391",652
"986","B000392",15086
"987","B000401",660
"988","B000408",13007
"989","B000416",672
"990","B000422",14606
"991","B000426",680
"992","B000431",11000
"993","B000432",12003
"994","B000436",688
"995","B000451",11001
"996","B000462",15403
"997","B000472",10705
"998","B000506",11002
"999","B000517",29140
"1000","B000536",777
"1001","B000538",14206
"1002","B000548",11003
"1003","B000550",789
"1004","B000551",NA
"1005","B000561",798
"1006","B000567",14207
"1007","B000576",29357
"1008","B000592",14067
"1009","B000593",823
"1010","B000594",824
"1011","B000600",830
"1012","B000605",835
"1013","B000607",837
"1014","B000608",838
"1015","B000615",14607
"1016","B000620",14208
"1017","B000621",846
"1018","B000622",29507
"1019","B000639",14700
"1020","B000646",868
"1021","B000647",14701
"1022","B000648",15009
"1023","B000656",10801
"1024","B000666",15087
"1025","B000676",891
"1026","B000682",14005
"1027","B000699",913
"1028","B000725",937
"1029","B000727",939
"1030","B000736",948
"1031","B000756",14911
"1032","B000771",11004
"1033","B000778",986
"1034","B000791",997
"1035","B000798",15404
"1036","B000813",1018
"1037","B000817",29138
"1038","B000823",1027
"1039","B000839",11005
"1040","B000845",15012
"1041","B000849",1050
"1042","B000862",14209
"1043","B000867",10506
"1044","B000871",11201
"1045","B000880",1077
"1046","B000884",1081
"1047","B000890",1087
"1048","B000893",10572
"1049","B000897",15632
"1050","B000909",1104
"1051","B000917",11006
"1052","B000940",1130
"1053","B000966",10574
"1054","B000967",1154
"1055","B000969",10507
"1056","B000982",1167
"1057","B000997",15013
"1058","B001024",1205
"1059","B001026",13100
"1060","B001035",1215
"1061","B001036",15405
"1062","B001057",14300
"1063","B001063",29558
"1064","B001076",49103
"1065","B001077",1252
"1066","B001080",14007
"1067","B001090",1264
"1068","B001091",11007
"1069","B001092",1265
"1070","B001102",14008
"1071","B001104",10575
"1072","B001111",1282
"1073","B001113",12004
"1074","B001127",NA
"1075","B001153",14076
"1076","B001155",10576
"1077","B001156",10577
"1078","B001158",15080
"1079","B001165",1328
"1080","B001166",11008
"1081","B001167",1329
"1082","B001172",15089
"1083","B001182",13055
"1084","B001201",11009
"1085","B001209",10802
"1086","B001212",1368
"1087","B001213",39309
"1088","B001216",1371
"1089","B001220",14608
"1090","B001221",13008
"1091","C000002",10707
"1092","C000017",12005
"1093","C000019",1393
"1094","C000054",10708
"1095","C000055",10709
"1096","C000067",10578
"1097","C000079",14609
"1098","C000113",1476
"1099","C000117",1479
"1100","C000120",1482
"1101","C000128",1489
"1102","C000134",29706
"1103","C000137",14408
"1104","C000143",10508
"1105","C000153",13054
"1106","C000154",1510
"1107","C000158",14804
"1108","C000162",1517
"1109","C000164",12044
"1110","C000165",14610
"1111","C000178",14210
"1112","C000189",1540
"1113","C000199",1549
"1114","C000201",10710
"1115","C000220",1569
"1116","C000221",1570
"1117","C000228",1577
"1118","C000261",14409
"1119","C000263",1610
"1120","C000264",1611
"1121","C000275",1620
"1122","C000293",15016
"1123","C000312",15129
"1124","C000321",12007
"1125","C000322",14805
"1126","C000338",1678
"1127","C000342",1682
"1128","C000344",14611
"1129","C000346",1684
"1130","C000356",13101
"1131","C000365",1702
"1132","C000371",12008
"1133","C000383",1717
"1134","C000385",29530
"1135","C000388",1721
"1136","C000389",1722
"1137","C000409",10510
"1138","C000444",1776
"1139","C000448",14102
"1140","C000462",15017
"1141","C000475",10579
"1142","C000476",10580
"1143","C000512",10581
"1144","C000516",10711
"1145","C000523",14612
"1146","C000540",1861
"1147","C000542",14806
"1148","C000555",15091
"1149","C000581",14613
"1150","C000589",1904
"1151","C000596",1911
"1152","C000598",14010
"1153","C000618",14410
"1154","C000621",15018
"1155","C000629",1941
"1156","C000633",29125
"1157","C000634",14068
"1158","C000637",12045
"1159","C000638",11066
"1160","C000645",1952
"1161","C000646",NA
"1162","C000666",10712
"1163","C000682",14011
"1164","C000702",13057
"1165","C000709",2009
"1166","C000721",12102
"1167","C000725",2023
"1168","C000736",2032
"1169","C000737",29557
"1170","C000767",29303
"1171","C000772",2065
"1172","C000773",14411
"1173","C000775",NA
"1174","C000780",10511
"1175","C000782",14211
"1176","C000787",14412
"1177","C000788",NA
"1178","C000799",13009
"1179","C000802",2087
"1180","C000807",12010
"1181","C000809",14614
"1182","C000823",11010
"1183","C000836",29116
"1184","C000845",14807
"1185","C000866",10714
"1186","C000869",2143
"1187","C000871",14615
"1188","C000877",12103
"1189","C000903",29551
"1190","C000919",14681
"1191","C000925",14012
"1192","C000979",10715
"1193","C000991",2255
"1194","C000992",14468
"1195","C000997",13051
"1196","C001005",2266
"1197","C001006",2267
"1198","C001011",2272
"1199","C001014",2275
"1200","D000017",14284
"1201","D000001",2295
"1202","D000004",2298
"1203","D000030",14501
"1204","D000037",14013
"1205","D000038",12011
"1206","D000041",2329
"1207","D000043",13010
"1208","D000044",14616
"1209","D000051",15081
"1210","D000065",14810
"1211","D000094",2376
"1212","D000102",2383
"1213","D000106",15409
"1214","D000109",2389
"1215","D000125",13048
"1216","D000203",10716
"1217","D000209",NA
"1218","D000183",14619
"1219","D000185",14502
"1220","D000211",2476
"1221","D000220",11011
"1222","D000222",13011
"1223","D000231",14811
"1224","D000234",13012
"1225","D000239",11012
"1226","D000241",12012
"1227","D000255",2513
"1228","D000259",14901
"1229","D000260",2517
"1230","D000266",2523
"1231","D000267",14212
"1232","D000269",2525
"1233","D000279",2533
"1234","D000326",10717
"1235","D000344",2594
"1236","D000359",15095
"1237","D000360",2609
"1238","D000368",2616
"1239","D000390",2636
"1240","D000401",10513
"1241","D000402",2646
"1242","D000409",10514
"1243","D000416",14621
"1244","D000419",2660
"1245","D000425",2665
"1246","D000433",2671
"1247","D000434",2672
"1248","D000435",14414
"1249","D000451",15602
"1250","D000456",2691
"1251","D000462",10718
"1252","D000466",14874
"1253","D000467",2700
"1254","D000471",14214
"1255","D000474",2706
"1256","D000481",2713
"1257","D000499",13013
"1258","D000558",13014
"1259","D000523",2752
"1260","D000537",10582
"1261","D000548",14814
"1262","D000566",14703
"1263","D000571",2791
"1264","D000574",14310
"1265","D000575",10515
"1266","D000585",2803
"1267","D000586",14815
"1268","D000587",2804
"1269","D000588",10720
"1270","D000592",14816
"1271","D000593",14817
"1272","E000004",12104
"1273","E000013",14216
"1274","E000017",14903
"1275","E000018",2822
"1276","E000031",14818
"1277","E000033",15097
"1278","E000035",11013
"1279","E000043",14217
"1280","E000054",2854
"1281","E000055",10803
"1282","E000067",10787
"1283","E000068",13104
"1284","E000077",14415
"1285","E000064",10583
"1286","E000096",11014
"1287","E000112",2901
"1288","E000120",2909
"1289","E000121",2910
"1290","E000148",10516
"1291","E000174",14819
"1292","E000175",14218
"1293","E000181",2965
"1294","E000184",14219
"1295","E000186",29304
"1296","E000198",14623
"1297","E000201",15022
"1298","E000204",10722
"1299","E000208",14416
"1300","E000211",2987
"1301","E000213",11015
"1302","E000214",11016
"1303","E000218",15411
"1304","E000233",14418
"1305","E000236",14916
"1306","E000240",10723
"1307","E000254",NA
"1308","E000258",14417
"1309","E000266",3028
"1310","E000273",3034
"1311","E000284",14704
"1312","F000437",49304
"1313","F000012",3054
"1314","F000013",10804
"1315","F000015",3056
"1316","F000023",10724
"1317","F000025",10725
"1318","F000040",14285
"1319","F000041",3078
"1320","F000046",NA
"1321","F000049",15098
"1322","F000053",14624
"1323","F000059",15024
"1324","F000060",3092
"1325","F000075",3105
"1326","F000078",14221
"1327","F000087",NA
"1328","F000088",14625
"1329","F000102",14821
"1330","F000110",29354
"1331","F000111",14822
"1332","F000123",10517
"1333","F000128",29391
"1334","F000135",10518
"1335","F000137",3158
"1336","F000151",14215
"1337","F000152",3171
"1338","F000161",14222
"1339","F000184",15412
"1340","F000187",29515
"1341","F000208",14419
"1342","F000209",3224
"1343","F000215",14223
"1344","F000218",12014
"1345","F000227",3240
"1346","F000229",3242
"1347","F000233",3246
"1348","F000235",14823
"1349","F000237",3249
"1350","F000239",10726
"1351","F000245",3255
"1352","F000255",3264
"1353","F000260",3268
"1354","F000268",14302
"1355","F000270",10727
"1356","F000272",10584
"1357","F000283",3286
"1358","F000286",12046
"1359","F000319",3321
"1360","F000329",14467
"1361","F000332",29560
"1362","F000438",49504
"1363","F000347",15025
"1364","F000348",29110
"1365","F000350",10585
"1366","F000351",NA
"1367","F000356",3349
"1368","F000371",3364
"1369","F000380",13015
"1370","F000381",12015
"1371","F000384",3374
"1372","F000387",29543
"1373","F000388",14014
"1374","F000422",3409
"1375","F000424",10586
"1376","F000426",29545
"1377","F000430",10587
"1378","F000434",29394
"1379","F000435",NA
"1380","G000015",11017
"1381","G000016",3433
"1382","G000025",15099
"1383","G000034",13103
"1384","G000036",14420
"1385","G000047",14470
"1386","G000055",11018
"1387","G000069",10519
"1388","G000071",3480
"1389","G000072",14303
"1390","G000091",3499
"1391","G000098",3506
"1392","G000102",3510
"1393","G000105",11067
"1394","G000130",3535
"1395","G000134",15636
"1396","G000144",10728
"1397","G000151",3553
"1398","G000153",10588
"1399","G000175",3575
"1400","G000192",10589
"1401","G000208",10729
"1402","G000226",14016
"1403","G000236",14304
"1404","G000237",3629
"1405","G000240",14422
"1406","G000267",3658
"1407","G000282",3670
"1408","G000290",10521
"1409","G000321",14423
"1410","G000348",10590
"1411","G000349",14225
"1412","G000368",3743
"1413","G000371",15414
"1414","G000381",3754
"1415","G000382",15415
"1416","G000387",13016
"1417","G000388",12105
"1418","G000400",15101
"1419","G000402",14629
"1420","G000407",3775
"1421","G000417",14471
"1422","G000418",3783
"1423","G000420",10591
"1424","G000450",10730
"1425","G000454",10731
"1426","G000458",11065
"1427","G000465",3824
"1428","G000471",3830
"1429","G000480",14630
"1430","G000495",3853
"1431","G000499",15102
"1432","G000504",10592
"1433","G000508",3864
"1434","G000511",14631
"1435","G000512",3867
"1436","G000513",11019
"1437","G000515",14424
"1438","G000524",14827
"1439","G000528",14017
"1440","G000531",10593
"1441","G000537",14018
"1442","H000010",10522
"1443","H000012",14227
"1444","H000013",3901
"1445","H000041",3929
"1446","H000048",3936
"1447","H000049",10523
"1448","H000058",14880
"1449","H000070",14291
"1450","H000073",14228
"1451","H000081",3963
"1452","H000085",3967
"1453","H000096",29308
"1454","H000114",10732
"1455","H000124",11020
"1456","H000144",14633
"1457","H000151",15606
"1458","H000158",10733
"1459","H000164",10594
"1460","H000166",14229
"1461","H000168",14019
"1462","H000170",11202
"1463","H000171",10734
"1464","H000173",10735
"1465","H000174",4043
"1466","H000175",12016
"1467","H000191",10524
"1468","H000197",4064
"1469","H000204",4071
"1470","H000216",4081
"1471","H000230",12040
"1472","H000236",15416
"1473","H000237",10805
"1474","H000241",14231
"1475","H000249",4110
"1476","H000264",4125
"1477","H000269",15027
"1478","H000281",10525
"1479","H000287",14305
"1480","H000291",4148
"1481","H000297",4154
"1482","H000302",14830
"1483","H000306",10526
"1484","H000310",4165
"1485","H000317",14104
"1486","H000327",12017
"1487","H000340",14831
"1488","H000343",11203
"1489","H000344",14515
"1490","H000346",10736
"1491","H000374",14905
"1492","H000384",14504
"1493","H000385",4227
"1494","H000388",15079
"1495","H000390",15418
"1496","H000408",4247
"1497","H000424",4262
"1498","H000437",4275
"1499","H000438",4276
"1500","H000439",14913
"1501","H000440",11021
"1502","H000445",14705
"1503","H000448",14233
"1504","H000449",14425
"1505","H000452",29547
"1506","H000456",13050
"1507","H000465",10737
"1508","H000471",4299
"1509","H000490",14832
"1510","H000502",4328
"1511","H000514",15103
"1512","H000530",4354
"1513","H000547",14833
"1514","H000550",4373
"1515","H000559",4382
"1516","H000561",10806
"1517","H000563",10738
"1518","H000566",13017
"1519","H000568",4388
"1520","H000582",14234
"1521","H000586",14834
"1522","H000598",4418
"1523","H000624",13018
"1524","H000638",14020
"1525","H000641",14634
"1526","H000652",15607
"1527","H000670",15421
"1528","H000675",14514
"1529","H000678",4482
"1530","H000683",4487
"1531","H000684",4488
"1532","H000690",4494
"1533","H000692",12018
"1534","H000707",29388
"1535","H000713",4514
"1536","H000717",4518
"1537","H000719",14235
"1538","H000720",4520
"1539","H000722",14426
"1540","H000729",15422
"1541","H000746",4543
"1542","H000747",14021
"1543","H000752",14022
"1544","H000753",4548
"1545","H000776",14635
"1546","H000786",4579
"1547","H000788",29128
"1548","H000797",10596
"1549","H000802",4592
"1550","H000840",10739
"1551","H000851",14236
"1552","H000875",4660
"1553","H000878",14237
"1554","H000897",14023
"1555","H000901",14427
"1556","H000905",14106
"1557","H000906",14024
"1558","H000912",29314
"1559","H000922",12106
"1560","H000951",14706
"1561","H000953",4728
"1562","H000956",14516
"1563","H000965",10740
"1564","H000972",11022
"1565","H001001",10741
"1566","H001011",10597
"1567","H001013",14680
"1568","H001018",14636
"1569","I000001",10528
"1570","I000007",4796
"1571","I000029",14428
"1572","I000039",4824
"1573","J000008",4846
"1574","J000013",4851
"1575","J000047",15608
"1576","J000057",4891
"1577","J000064",4898
"1578","J000074",14637
"1579","J000083",14429
"1580","J000098",4927
"1581","J000099",14241
"1582","J000100",4928
"1583","J000101",14707
"1584","J000108",10529
"1585","J000109",4935
"1586","J000119",4943
"1587","J000135",4957
"1588","J000149",29770
"1589","J000158",4977
"1590","J000160",4979
"1591","J000187",15609
"1592","J000189",14107
"1593","J000195",5009
"1594","J000200",14836
"1595","J000211",95120
"1596","J000216",12038
"1597","J000246",5056
"1598","J000248",5058
"1599","J000265",15426
"1600","J000266",14027
"1601","J000267",5073
"1602","J000269",10807
"1603","J000278",5083
"1604","K000011",15505
"1605","K000013",5097
"1606","K000014",5098
"1607","K000015",5099
"1608","K000017",14708
"1609","K000019",14242
"1610","K000020",5101
"1611","K000025",11023
"1612","K000032",5112
"1613","K000036",5116
"1614","K000037",13019
"1615","K000038",10744
"1616","K000040",5118
"1617","K000044",5122
"1618","K000053",5131
"1619","K000070",5148
"1620","K000077",14243
"1621","K000086",13020
"1622","K000107",5180
"1623","K000110",15427
"1624","K000114",10809
"1625","K000130",5199
"1626","K000144",5213
"1627","K000153",14028
"1628","K000162",14244
"1629","K000170",5235
"1630","K000171",5236
"1631","K000177",5241
"1632","K000181",29322
"1633","K000190",14245
"1634","K000195",10530
"1635","K000196",5255
"1636","K000199",5258
"1637","K000244",5301
"1638","K000249",5306
"1639","K000262",29372
"1640","K000264",11024
"1641","K000273",5326
"1642","K000274",29150
"1643","K000298",5349
"1644","K000302",12019
"1645","K000304",14638
"1646","K000307",15031
"1647","K000309",15428
"1648","K000312",29139
"1649","K000318",10531
"1650","K000319",14431
"1651","K000320",5362
"1652","K000322",14639
"1653","K000325",14246
"1654","K000326",10745
"1655","K000328",39313
"1656","K000333",14247
"1657","K000335",5372
"1658","K000343",10789
"1659","K000348",11025
"1660","K000351",5385
"1661","K000356",11027
"1662","L000018",5404
"1663","L000020",14071
"1664","L000024",5410
"1665","L000045",15430
"1666","L000049",12020
"1667","L000054",5436
"1668","L000065",5447
"1669","L000069",5451
"1670","L000081",5463
"1671","L000098",29114
"1672","L000116",5495
"1673","L000119",15611
"1674","L000122",5500
"1675","L000148",14077
"1676","L000167",14640
"1677","L000180",14641
"1678","L000547",14838
"1679","L000187",14434
"1680","L000192",14642
"1681","L000561",14433
"1682","L000221",10599
"1683","L000225",15032
"1684","L000226",14029
"1685","L000237",14643
"1686","L000240",5606
"1687","L000243",13021
"1688","L000260",5625
"1689","L000264",15034
"1690","L000265",14249
"1691","L000295",15035
"1692","L000299",5654
"1693","L000326",5678
"1694","L000333",13022
"1695","L000344",5694
"1696","L000360",14030
"1697","L000381",14251
"1698","L000382",10600
"1699","L000396",14645
"1700","L000411",15128
"1701","L000413",10601
"1702","L000417",10602
"1703","L000425",5764
"1704","L000428",5767
"1705","L000429",10746
"1706","L000420",15631
"1707","L000431",29527
"1708","L000446",5783
"1709","L000458",10747
"1710","L000477",12021
"1711","L000479",14839
"1712","L000486",14646
"1713","L000506",12022
"1714","L000507",15823
"1715","L000508",14070
"1716","L000509",11028
"1717","L000516",14289
"1718","L000520",5843
"1719","M000005",5873
"1720","M000010",10533
"1721","M000011",10752
"1722","M000014",5880
"1723","M000015",15615
"1724","M000020",5884
"1725","M000021",5885
"1726","M000022",10753
"1727","M000023",15038
"1728","M000026",10754
"1729","M000039",5900
"1730","M000041",14033
"1731","M000052",5912
"1732","M000053",5913
"1733","M000058",14254
"1734","M000065",5924
"1735","M000070",5929
"1736","M000078",13052
"1737","M000100",29385
"1738","M000113",5967
"1739","M000117",15107
"1740","M000121",14034
"1741","M000129",29398
"1742","M000136",14436
"1743","M000139",14437
"1744","M000143",14438
"1745","M000148",10603
"1746","M000152",5998
"1747","M000174",14840
"1748","M000182",10755
"1749","M000195",14841
"1750","M000197",10604
"1751","M000199",6039
"1752","M000207",29540
"1753","M000224",6061
"1754","M000236",49305
"1755","M000241",10535
"1756","M000242",11031
"1757","M000244",13023
"1758","M000250",10605
"1759","M000253",6084
"1760","M000257",14906
"1761","M000260",14439
"1762","M000264",14650
"1763","M000273",6101
"1764","M000286",11032
"1765","M000291",13024
"1766","M000306",15040
"1767","M000311",6134
"1768","M000318",10748
"1769","M000332",6151
"1770","M000340",10606
"1771","M000342",15041
"1772","M000343",11063
"1773","M000346",11029
"1774","M000349",13025
"1775","M000364",6177
"1776","M000365",13026
"1777","M000393",6204
"1778","M000398",14843
"1779","M000399",10607
"1780","M000410",11030
"1781","M000413",14252
"1782","M000414",6220
"1783","M000418",6224
"1784","M000432",14844
"1785","M000433",10749
"1786","M000436",6240
"1787","M000445",6249
"1788","M000449",6253
"1789","M000452",6256
"1790","M000458",14845
"1791","M000459",10750
"1792","M000466",29399
"1793","M000473",14253
"1794","M000478",6276
"1795","M000486",10810
"1796","M000490",13027
"1797","M000512",15042
"1798","M000513",13028
"1799","M000527",13029
"1800","M000530",12024
"1801","M000558",10608
"1802","M000566",15108
"1803","M000573",15432
"1804","M000582",6366
"1805","M000589",15043
"1806","M000603",14032
"1807","M000605",6386
"1808","M000608",10536
"1809","M000610",10751
"1810","M000620",6399
"1811","M000623",10811
"1812","M000626",10756
"1813","M000635",12039
"1814","M000664",6437
"1815","M000667",11033
"1816","M000671",6442
"1817","M000675",13030
"1818","M000678",14073
"1819","M000682",6451
"1820","M000684",15109
"1821","M000685",14255
"1822","M000686",14036
"1823","M000687",15433
"1824","M000692",6455
"1825","M000703",12025
"1826","M000708",14037
"1827","M000719",6477
"1828","M000730",10812
"1829","M000759",NA
"1830","M000762",6516
"1831","M000770",6524
"1832","M000778",6532
"1833","M000779",13049
"1834","M000794",14257
"1835","M000796",10609
"1836","M000799",6548
"1837","M000808",14038
"1838","M000812",6559
"1839","M000826",13031
"1840","M000832",10758
"1841","M000833",12026
"1842","M000836",6579
"1843","M000839",14258
"1844","M000843",15639
"1845","M000845",6584
"1846","M000847",6586
"1847","M000851",10813
"1848","M000859",6597
"1849","M000860",15111
"1850","M000865",11035
"1851","M000876",6611
"1852","M000881",15044
"1853","M000892",6626
"1854","M000927",10537
"1855","M000926",14040
"1856","M000930",6661
"1857","M000956",14308
"1858","M000958",6685
"1859","M000991",6718
"1860","M000995",6721
"1861","M000999",14847
"1862","M001009",10538
"1863","M001014",6738
"1864","M001021",10610
"1865","M001022",6745
"1866","M001025",49303
"1867","M001031",10539
"1868","M001033",6754
"1869","M001035",6756
"1870","M001044",14260
"1871","M001045",6765
"1872","M001057",15046
"1873","M001074",6792
"1874","M001077",6795
"1875","M001078",6796
"1876","M001088",14441
"1877","M001092",10814
"1878","M001100",10815
"1879","M001101",13032
"1880","M001104",6816
"1881","M001114",6826
"1882","M001121",6831
"1883","M001123",14678
"1884","M001128",14261
"1885","M001130",11036
"1886","M001132",14442
"1887","N000003",15435
"1888","N000005",14848
"1889","N000009",6845
"1890","N000016",14262
"1891","N000019",10540
"1892","N000027",14849
"1893","N000028",6860
"1894","N000033",10816
"1895","N000052",6881
"1896","N000053",6882
"1897","N000054",29583
"1898","N000094",29119
"1899","N000095",11037
"1900","N000106",15047
"1901","N000113",6936
"1902","N000116",6939
"1903","N000127",14263
"1904","N000133",6955
"1905","N000136",10541
"1906","N000137",6958
"1907","N000163",14264
"1908","N000171",14108
"1909","N000178",10542
"1910","O000015",7003
"1911","O000016",7004
"1912","O000053",7041
"1913","O000058",7046
"1914","O000088",7070
"1915","O000090",10759
"1916","O000098",7081
"1917","O000001",14443
"1918","O000069",15048
"1919","O000074",7061
"1920","O000083",10543
"1921","O000084",10612
"1922","O000108",29146
"1923","O000120",7101
"1924","O000121",7102
"1925","O000134",10760
"1926","O000156",14042
"1927","P000009",12107
"1928","P000047",14444
"1929","P000049",29743
"1930","P000066",15617
"1931","P000080",14043
"1932","P000097",14652
"1933","P000098",7228
"1934","P000100",7229
"1935","P000103",7232
"1936","P000104",14850
"1937","P000106",10613
"1938","P000112",15171
"1939","P000121",14266
"1940","P000134",14267
"1941","P000148",15618
"1942","P000152",15452
"1943","P000166",10817
"1944","P000170",14445
"1945","P000193",10818
"1946","P000196",7313
"1947","P000215",15052
"1948","P000218",7333
"1949","P000222",11205
"1950","P000229",15228
"1951","P000259",29111
"1952","P000264",10544
"1953","P000272",11038
"1954","P000273",14287
"1955","P000280",13033
"1956","P000287",7392
"1957","P000303",7408
"1958","P000348",10545
"1959","P000349",7450
"1960","P000352",7453
"1961","P000366",7467
"1962","P000398",7498
"1963","P000399",11064
"1964","P000401",7500
"1965","P000405",NA
"1966","P000408",7506
"1967","P000415",11039
"1968","P000426",10615
"1969","P000452",15620
"1970","P000477",7568
"1971","P000485",13034
"1972","P000513",14268
"1973","P000516",7605
"1974","P000520",12027
"1975","P000522",7610
"1976","P000528",11062
"1977","P000546",14044
"1978","P000549",7634
"1979","P000552",7637
"1980","P000553",7638
"1981","P000556",10791
"1982","P000559",7642
"1983","P000569",10546
"1984","P000574",14446
"1985","Q000007",14447
"1986","Q000010",7671
"1987","Q000012",7673
"1988","Q000013",10616
"1989","R000001",7682
"1990","R000003",10761
"1991","R000012",11041
"1992","R000018",7695
"1993","R000046",7722
"1994","R000065",11042
"1995","R000067",14653
"1996","R000072",15439
"1997","R000077",7749
"1998","R000080",15053
"1999","R000082",7753
"2000","R000107",10762
"2001","R000567",29772
"2002","R000108",7777
"2003","R000109",10547
"2004","R000113",7781
"2005","R000132",7799
"2006","R000134",10790
"2007","R000143",10617
"2008","R000150",10618
"2009","R000152",10548
"2010","R000159",10763
"2011","R000164",10764
"2012","R000165",7824
"2013","R000178",29347
"2014","R000187",7844
"2015","R000188",7845
"2016","R000191",7847
"2017","R000206",10619
"2018","R000232",14269
"2019","R000243",15056
"2020","R000250",7901
"2021","R000252",29103
"2022","R000259",10549
"2023","R000260",7908
"2024","R000262",14046
"2025","R000268",14270
"2026","R000277",14654
"2027","R000280",7925
"2028","R000282",7926
"2029","R000308",14851
"2030","R000312",10550
"2031","R000314",7954
"2032","R000317",7958
"2033","R000354",15122
"2034","R000357",7995
"2035","R000374",8010
"2036","R000383",12042
"2037","R000384",14853
"2038","R000389",8021
"2039","R000392",8024
"2040","R000401",8032
"2041","R000404",8035
"2042","R000420",10765
"2043","R000421",10766
"2044","R000422",14047
"2045","R000423",10620
"2046","R000424",8049
"2047","R000426",8051
"2048","R000436",14048
"2049","R000442",10551
"2050","R000458",8080
"2051","R000459",14655
"2052","R000464",10552
"2053","R000467",8084
"2054","R000469",10553
"2055","R000481",15057
"2056","R000482",15123
"2057","R000484",13037
"2058","R000485",10621
"2059","R000489",14676
"2060","R000495",14449
"2061","R000508",10622
"2062","R000510",13038
"2063","R000512",11045
"2064","R000525",10819
"2065","R000536",8138
"2066","R000543",14271
"2067","R000545",12028
"2068","R000547",8147
"2069","R000556",10554
"2070","R000558",14049
"2071","S000014",15441
"2072","S000016",10821
"2073","S000045",11046
"2074","S000055",15504
"2075","S000056",15622
"2076","S000057",8214
"2077","S000058",14272
"2078","S000062",14050
"2079","S000066",15623
"2080","S000068",14509
"2081","S000070",10767
"2082","S000075",8225
"2083","S000081",14856
"2084","S000087",14450
"2085","S000096",12108
"2086","S000102",8247
"2087","S000108",10556
"2088","S000109",15058
"2089","S000117",8258
"2090","S000119",29324
"2091","S000120",8260
"2092","S000121",11047
"2093","S000124",10768
"2094","S000125",15624
"2095","S000128",10769
"2096","S000131",10770
"2097","S000132",14510
"2098","S000133",12043
"2099","S000135",8268
"2100","S000136",14857
"2101","S000138",8270
"2102","S000142",14051
"2103","S000143",15114
"2104","S000146",14273
"2105","S000159",10557
"2106","S000161",8288
"2107","S000174",8301
"2108","S000184",8311
"2109","S000193",10558
"2110","S000213",29506
"2111","S000217",12029
"2112","S000219",8341
"2113","S000224",8346
"2114","S000230",13040
"2115","S000232",8353
"2116","S000243",10623
"2117","S000269",49100
"2118","S000282",14859
"2119","S000286",14658
"2120","S000294",14274
"2121","S000327",8437
"2122","S000332",39306
"2123","S000335",8444
"2124","S000367",8474
"2125","S000378",8485
"2126","S000383",13041
"2127","S000388",10559
"2128","S000393",14660
"2129","S000395",10560
"2130","S000401",10624
"2131","S000406",8507
"2132","S000407",15059
"2133","S000408",8508
"2134","S000409",14872
"2135","S000423",14275
"2136","S000429",14710
"2137","S000430",8527
"2138","S000434",10820
"2139","S000454",8549
"2140","S000462",15443
"2141","S000472",10625
"2142","S000473",8564
"2143","S000477",15061
"2144","S000479",15115
"2145","S000505",8593
"2146","S000517",10822
"2147","S000527",14864
"2148","S000533",8616
"2149","S000545",8628
"2150","S000579",14876
"2151","S000584",15625
"2152","S000587",29579
"2153","S000590",8666
"2154","S000596",8672
"2155","S000601",15626
"2156","S000602",12110
"2157","S000622",14276
"2158","S000640",8709
"2159","S000662",29724
"2160","S000669",10626
"2161","S000673",14277
"2162","S000675",14662
"2163","S000701",8764
"2164","S000716",14278
"2165","S000717",8778
"2166","S000739",11206
"2167","S000756",8814
"2168","S000764",8177
"2169","S000762",10561
"2170","S000769",10627
"2171","S000772",14663
"2172","S000775",10628
"2173","S000776",10562
"2174","S000778",8824
"2175","S000782",10772
"2176","S000785",15117
"2177","S000795",14466
"2178","S000803",13043
"2179","S000804",10773
"2180","S000818",14865
"2181","S000829",8866
"2182","S000836",12047
"2183","S000841",14054
"2184","S000844",14452
"2185","S000846",11050
"2186","S000847",11051
"2187","S000852",8883
"2188","S000860",10563
"2189","S000890",13102
"2190","S000902",14665
"2191","S000907",14711
"2192","S000928",10629
"2193","S000935",14453
"2194","S000937",29570
"2195","S000948",12030
"2196","S000962",14309
"2197","S000991",15118
"2198","S000997",9017
"2199","S001037",9056
"2200","S001039",11052
"2201","S001040",14055
"2202","S001057",9072
"2203","S001075",15066
"2204","S001077",NA
"2205","S001101",15119
"2206","S001103",10774
"2207","S001113",29131
"2208","S001115",14666
"2209","S001122",15120
"2210","S001134",12031
"2211","S001136",9141
"2212","S001138",14056
"2213","S001139",14667
"2214","T000001",9144
"2215","T000022",10631
"2216","T000034",15068
"2217","T000035",9174
"2218","T000048",29582
"2219","T000053",14668
"2220","T000070",9203
"2221","T000099",9230
"2222","T000109",9240
"2223","T000110",9241
"2224","T000113",39303
"2225","T000118",9248
"2226","T000128",10775
"2227","T000134",13044
"2228","T000156",9284
"2229","T000178",10792
"2230","T000184",15069
"2231","T000198",9320
"2232","T000200",9322
"2233","T000217",11053
"2234","T000218",9339
"2235","T000229",9350
"2236","T000233",10564
"2237","T000234",13045
"2238","T000237",9356
"2239","T000243",14058
"2240","T000265",11061
"2241","T000294",10776
"2242","T000297",9408
"2243","T000298",9409
"2244","T000310",14455
"2245","T000314",29359
"2246","T000316",15070
"2247","T000321",14059
"2248","T000322",10823
"2249","T000356",14075
"2250","T000362",14060
"2251","T000367",14456
"2252","T000373",9473
"2253","T000393",14279
"2254","T000395",9494
"2255","T000400",14457
"2256","T000405",29319
"2257","T000410",10777
"2258","T000411",10565
"2259","T000436",10632
"2260","T000445",10824
"2261","U000001",10566
"2262","U000002",9549
"2263","U000004",9551
"2264","U000017",15629
"2265","U000034",9578
"2266","V000006",15073
"2267","V000024",10633
"2268","V000051",9627
"2269","V000069",9645
"2270","V000027",10794
"2271","V000029",14074
"2272","V000026",15074
"2273","V000047",9623
"2274","V000093",13046
"2275","V000098",10778
"2276","V000105",9677
"2277","V000109",10779
"2278","V000112",14459
"2279","V000124",15075
"2280","W000018",10567
"2281","W000024",9716
"2282","G000408",29575
"2283","W000035",10793
"2284","W000038",15244
"2285","W000044",14460
"2286","W000049",10780
"2287","W000065",10781
"2288","W000068",14461
"2289","W000089",9775
"2290","W000092",14511
"2291","W000107",14061
"2292","W000108",9791
"2293","W000110",10825
"2294","W000120",9801
"2295","W000121",9802
"2296","W000139",29526
"2297","W000147",12048
"2298","W000177",29145
"2299","W000180",14866
"2300","W000192",10782
"2301","W000197",10634
"2302","W000226",10635
"2303","W000228",9895
"2304","W000235",14867
"2305","W000237",14868
"2306","W000256",9920
"2307","W000258",14463
"2308","W000290",10636
"2309","W000310",9968
"2310","W000317",11054
"2311","W000320",9975
"2312","W000323",9978
"2313","W000326",15076
"2314","W000362",10637
"2315","W000390",10783
"2316","W000406",12033
"2317","W000410",10060
"2318","W000419",14464
"2319","W000426",14670
"2320","W000428",10075
"2321","W000439",10085
"2322","W000445",10091
"2323","W000446",10092
"2324","W000448",11055
"2325","W000465",10110
"2326","W000502",10147
"2327","W000525",11056
"2328","W000528",14671
"2329","W000559",10201
"2330","W000572",10212
"2331","W000607",14915
"2332","W000610",10249
"2333","W000636",11057
"2334","W000641",10279
"2335","W000647",14282
"2336","W000663",10299
"2337","W000665",49104
"2338","W000671",12034
"2339","W000675",10308
"2340","W000680",10784
"2341","W000682",14673
"2342","W000686",NA
"2343","W000752",14870
"2344","W000763",10391
"2345","W000777",14674
"2346","W000778",10785
"2347","W000780",10638
"2348","W000781",11058
"2349","W000782",10639
"2350","Y000006",10414
"2351","Y000013",10421
"2352","Y000014",12035
"2353","Y000028",14063
"2354","Y000035",14065
"2355","Y000043",10446
"2356","Y000047",10450
"2357","Y000051",14465
"2358","Y000052",14064
"2359","Y000053",10454
"2360","Y000060",10461
"2361","Z000001",10463
"2362","Z000002",14283
"2363","Z000003",10464
"2364","Z000004",29130
"2365","Z000008",29133
"2366","Z000010",11059
"2367","Z000013",14512
"2368","Z000014",15078
"2369","Z000016",11060
"2370","J000256",10788
"2371","T000075",14057
"2372","W000227",14281
"2373","R000189",15440
"2374","B000910",10786
"2375","D000534",10719
"2376","g000268",12037
"2377","G000272",10520
"2378","G000320",3704
"2379","G000421",3785
"2380","S000779",15065
"2381","W000391",29577
"2382","B001268",40913
"2383","A000195",10501
"2384","A000203",10701
"2385","A000206",195
"2386","A000219",14002
"2387","A000229",310
"2388","B000063",11200
"2389","B000078",29310
"2390","B000092",387
"2391","B000271",546
"2392","B001225",14702
"2393","B000788",14006
"2394","B000851",10571
"2395","B000908",1103
"2396","B000919",14803
"2397","B001008",10706
"2398","B001180",1341
"2399","B001208",1365
"2400","C000073",12006
"2401","C000431",1763
"2402","C000758",2052
"2403","D000122",10512
"2404","D000131",14618
"2405","D000158",2433
"2406","D000446",14622
"2407","E000239",14220
"2408","E000259",14820
"2409","F000141",12013
"2410","F000261",14224
"2411","F000353",3346
"2412","F000401",3388
"2413","H000278",4139
"2414","H000392",14232
"2415","H000479",10527
"2416","H000484",4311
"2417","H000904",4686
"2418","H000930",14238
"2419","H000947",4724
"2420","J000033",10742
"2421","J000115",10598
"2422","J000148",14025
"2423","J000151",10743
"2424","J000176",4993
"2425","J000206",5019
"2426","J000232",14026
"2427","K000341",5377
"2428","L000252",5617
"2429","L000267",29376
"2430","L000379",14250
"2431","L000415",5756
"2432","M000105",12023
"2433","M000175",10534
"2434","M000183",14035
"2435","M000191",6033
"2436","M000568",6353
"2437","M000718",11034
"2438","M000727",6483
"2439","M000736",15110
"2440","M000811",14713
"2441","M000923",14259
"2442","M000990",6717
"2443","M001098",10611
"2444","M001108",6820
"2445","O000010",14041
"2446","O000055",7043
"2447","P000230",7343
"2448","P000439",7533
"2449","R000041",7717
"2450","R000229",15055
"2451","R000337",13036
"2452","R000562",10555
"2453","S000021",8185
"2454","S000189",11048
"2455","S000436",8532
"2456","S000514",14862
"2457","S000548",10771
"2458","S000554",8636
"2459","S000560",11049
"2460","S000586",15062
"2461","S000607",15063
"2462","T000010",10630
"2463","W000212",9882
"2464","W000517",10162
"2465","W000518",10163
"2466","W000520",14672
"2467","W000570",14062
"2468","W000571",10640
"2469","D000610",20959
"2470","C001081",20960
"2471","D000611",20961
"2472","G000561",40914
"2473","G000560",20962
"2474","W000810",21122
"2475","R000591",21192
"2476","B001274",21193
"2477","S001185",21102
"2478","G000565",21103
"2479","Q000024",21104
"2480","S001183",21105
"2481","C001087",21106
"2482","G000567",21107
"2483","W000809",21108
"2484","D000612",21109
"2485","B001270",21110
"2486","T000470",21111
"2487","G000562",21112
"2488","C001083",21113
"2489","S001186",21114
"2490","N000185",21115
"2491","W000806",21116
"2492","R000593",21117
"2493","W000808",21118
"2494","W000807",21119
"2495","A000366",21120
"2496","R000590",21121
"2497","S001189",21123
"2498","H001050",21124
"2499","L000573",21125
"2500","D000613",21127
"2501","K000378",21128
"2502","H001059",21129
"2503","S001182",21130
"2504","S001188",21100
"2505","R000592",21131
"2506","B001275",21132
"2507","Y000064",21133
"2508","H001057",21134
"2509","Y000063",21135
"2510","R000588",21137
"2511","L000574",21138
"2512","H001052",21139
"2513","B001271",21141
"2514","H001058",21142
"2515","A000367",21143
"2516","C001085",21145
"2517","C001086",21146
"2518","N000186",21147
"2519","P000601",21148
"2520","H001053",21149
"2521","L000576",21150
"2522","H001055",21151
"2523","G000570",21152
"2524","R000594",21153
"2525","G000569",21154
"2526","H001054",21155
"2527","G000564",21156
"2528","H001051",21157
"2529","R000585",21101
"2530","B001272",21160
"2531","J000292",21162
"2532","S001187",21163
"2533","R000586",21164
"2534","G000563",21165
"2535","L000575",21166
"2536","K000376",21167
"2537","M001181",21168
"2538","M001179",21170
"2539","B001269",21171
"2540","C001084",21172
"2541","S001184",21173
"2542","D000615",21174
"2543","G000566",21175
"2544","M001182",21176
"2545","N000184",21177
"2546","F000459",21178
"2547","D000616",21179
"2548","B001273",21180
"2549","F000458",21181
"2550","F000461",21182
"2551","C001082",21183
"2552","R000589",21185
"2553","H001060",21186
"2554","G000568",21191
"2555","H001056",21187
"2556","D000614",21189
"2557","R000587",21190
"2558","R000595",41102
"2559","A000368",41106
"2560","J000293",41111
"2561","C001088",40916
"2562","B001277",41101
"2563","M001183",40915
"2564","L000577",41110
"2565","P000603",41104
"2566","H001061",41107
"2567","E000291",21159
"2568","M001180",21188
"2569","W000811",21126
"2570","F000460",21184
"2571","B001276",21158
"2572","P000602",21136
"2573","K000375",21140
"2574","H001062",21194
"2575","H001063",21195
"2576","T000471",21197
"2577","A000369",21196
"2578","B001278",21198
"2579","B001279",21199
"2580","D000354",2604
"2581","B001280",21336
"2582","C001098",41304
"2583","K000383",41300
"2584","W000817",41301
"2585","H001067",21346
"2586","Y000065",21317
"2587","D000621",21318
"2588","R000596",21320
"2589","F000462",21321
"2590","G000573",21322
"2591","P000604",31103
"2592","C001095",21301
"2593","C001093",21323
"2594","D000622",21325
"2595","S001190",21326
"2596","P000607",21370
"2597","S001192",21367
"2598","W000814",21360
"2599","O000170",21361
"2600","C001091",21362
"2601","W000816",21364
"2602","V000131",21365
"2603","V000132",21366
"2604","K000382",21340
"2605","D000620",21334
"2606","E000292",21327
"2607","B001286",21329
"2608","M001185",21344
"2609","C001092",21345
"2610","G000572",21363
"2611","B001282",21333
"2612","R000598",21357
"2613","M001187",21348
"2614","H001065",21349
"2615","L000578",21302
"2616","H001068",21303
"2617","C001097",21309
"2618","V000130",21314
"2619","F000463",41302
"2620","K000384",41305
"2621","L000579",21313
"2622","L000580",21341
"2623","W000813",21330
"2624","K000379",21335
"2625","B001284",21331
"2626","M001189",21332
"2627","K000380",21372
"2628","H001064",21369
"2629","W000812",21337
"2630","K000381",21368
"2631","D000618",21338
"2632","D000617",31101
"2633","P000606",21347
"2634","R000597",21359
"2635","C001090",21358
"2636","P000605",21356
"2637","C001096",21350
"2638","M001190",21355
"2639","B001283",21354
"2640","J000295",21353
"2641","B001281",21352
"2642","W000815",21351
"2643","M001188",21342
"2644","J000294",21343
"2645","C001094",21305
"2646","S001193",21306
"2647","V000129",21307
"2648","B001285",21308
"2649","N000187",21310
"2650","T000472",21312
"2651","E000293",21316
"2652","G000571",21324
"2653","R000599",21311
"2654","D000619",21328
"2655","M001184",31102
"2656","H001069",41303
"2657","H001066",21339
"2658","C001089",31100
"2659","S001191",21300
"2660","B001287",21304
"2661","P000608",21315
"2662","M001191",21319
"2663","S001194",41112
"2664","C001099",41306
"2665","K000385",21371
"2666","S001195",21373
"2667","C001100",41307
"2668","B001288",41308
"2669","M001192",21374
"2670","C001101",21375
"2671","B001289",21376
"2672","W000818",41309
"2673","J000296",21401
"2674","C001102",21377
"2675","P000612",41501
"2676","E000295",41502
"2677","S001197",41503
"2678","T000476",41504
"2679","P000609",21500
"2680","R000605",41505
"2681","G000574",21502
"2682","H001072",21503
"2683","W000821",21563
"2684","D000623",21504
"2685","G000576",21559
"2686","K000387",21505
"2687","W000822",21538
"2688","L000582",21507
"2689","J000297",21558
"2690","T000474",21508
"2691","M001195",21557
"2692","Z000017",21539
"2693","C001105",21555
"2694","W000820",21509
"2695","B001292",21554
"2696","B001290",21553
"2697","B001297",21510
"2698","P000610",NA
"2699","G000575",21511
"2700","L000584",21552
"2701","B001291",21551
"2702","R000602",21540
"2703","H001073",21550
"2704","R000601",21549
"2705","M001193",21537
"2706","B001296",21548
"2707","C001106",21547
"2708","R000604",21546
"2709","S001196",21541
"2710","A000370",21545
"2711","K000386",21542
"2712","R000603",21544
"2713","W000819",21543
"2714","M001196",21525
"2715","N000188",21536
"2716","C001107",21512
"2717","M001194",21526
"2718","C001103",21513
"2719","H001070",21534
"2720","E000294",21531
"2721","H001071",21514
"2722","Z000018",21532
"2723","L000581",21530
"2724","L000583",21515
"2725","D000624",21529
"2726","T000475",21528
"2727","A000372",21516
"2728","B001293",21527
"2729","Y000066",21521
"2730","B001294",21520
"2731","B001295",21519
"2732","T000473",21517
"2733","P000611",21524
"2734","R000600",NA
"2735","A000371",21506
"2736","A000373",21533
"2737","N000189",21556
"2738","S001198",41500
"2739","A000374",21522
"2740","G000577",21523
"2741","M001197",21501
"2742","D000625",21560
"2743","K000388",21561
"2744","L000585",21562
"2745","D000626",21564
"2746","D000627",21713
"2747","M001200",21736
"2748","C001112",21709
"2749","C001111",21712
"2750","K000390",21729
"2751","S001201",21747
"2752","O000171",21739
"2753","R000608",21743
"2754","M001199",21735
"2755","F000464",21716
"2756","T000478",21749
"2757","F000466",21718
"2758","B001301",21704
"2759","G000579",21720
"2760","D000628",21714
"2761","H001074",21725
"2762","S001199",21745
"2763","G000580",21721
"2764","K000391",21730
"2765","B001304",21707
"2766","R000606",21741
"2767","E000296",21566
"2768","E000297",21715
"2769","G000581",21722
"2770","J000298",21726
"2771","B001302",21705
"2772","G000578",21719
"2773","R000609",21744
"2774","R000607",21742
"2775","F000465",21717
"2776","B001299",21702
"2777","M001198",21734
"2778","M001201",21737
"2779","B001305",21708
"2780","K000392",21731
"2781","A000375",21700
"2782","T000477",21748
"2783","C001109",21710
"2784","C001113",41700
"2785","H001076",41702
"2786","P000613",21740
"2787","C001110",21711
"2788","H001075",41701
"2789","B001303",21706
"2790","L000586",21732
"2791","C001108",21565
"2792","K000393",41703
"2793","G000583",21723
"2794","M001202",21738
"2795","L000587",21733
"2796","S001200",21746
"2797","G000582",NA
"2798","B001298",21701
"2799","B001300",21703
"2800","H001077",21724
"2801","J000299",21727
"2802","K000389",21728
"2803","S001202",41704
"2804","E000298",21750
"2805","G000584",21751
"2806","N000190",21753
"2807","H001078",21752
"2808","G000585",21754
"2809","J000300",41705
"2810","C001114",21755
"2811","S001203",41706
"2812","L000588",21756
"2813","H001079",41707
"2814","L000589",21757
"2815","C001115",21758
"2816","B001306",21759
"2817","P000617",21955
"2818","O000172",21949
"2819","S001205",21762
"2820","S001211",21968
"2821","N000191",21948
"2822","H001081",21931
"2823","G000586",21921
"2824","T000482",21977
"2825","T000483",21978
"2826","J000303",21764
"2827","T000481",21975
"2828","G000587",21922
"2829","E000299",21917
"2830","D000631",21915
"2831","L000592",21940
"2832","O000173",21950
"2833","H001080",21928
"2834","M001206",21761
"2835","F000469",21920
"2836","T000479",21973
"2837","G000590",21926
"2838","R000612",21959
"2839","R000615",41902
"2840","C001118",21908
"2841","W000827",21984
"2842","G000589",21925
"2843","B001309",21905
"2844","J000301",21935
"2845","S001214",21971
"2846","B001307",21903
"2847","P000615",21952
"2848","G000591",21927
"2849","A000377",21901
"2850","G000588",21924
"2851","H001082",21760
"2852","J000302",21936
"2853","M001204",21945
"2854","T000480",21974
"2855","W000823",21981
"2856","P000614",21951
"2857","V000133",21980
"2858","H001085",21934
"2859","R000610",21956
"2860","R000614",21961
"2861","C001120",21911
"2862","M001207",21947
"2863","M001208",21944
"2864","U000040",21979
"2865","C001122",21913
"2866","M001209",21943
"2867","S001210",21967
"2868","R000611",21957
"2869","S001213",21970
"2870","M001205",21946
"2871","C001121",21912
"2872","F000467",21918
"2873","C001119",21910
"2874","P000616",21953
"2875","W000825",21983
"2876","L000593",21939
"2877","S001207",21964
"2878","L000590",21938
"2879","W000826",21763
"2880","H001090",21930
"2881","H001087",21932
"2882","P000618",21954
"2883","R000616",21960
"2884","A000378",21902
"2885","C001117",21906
"2886","D000629",21914
"2887","G000592",21923
"2888","S001208",21965
"2889","K000394",21937
"2890","M001203",21942
"2891","D000630",21916
"2892","B001308",21904
"2893","A000376",21900
"2894","F000468",21919
"2895","L000591",21941
"2896","S001209",21966
"2897","C001123",21907
"2898","S001206",21963
"2899","W000824",21982
"2900","S001215",21972
"2901","H001088",21929
"2902","S001212",21969
"2903","T000484",21976
"2904","S001216",21962
"2905","S001217",41903
"2906","B001310",41900
"2907","H001089",41901
"2908","R000613",21958
"2909","H001083",21933
"2910","S001204",NA
"2911","C001124",21909
"2912","K000395",21985
"2913","B001311",21986
"2914","M001210",21987
