id,year,fips
A000361,1946,22049.0
A000361,1947,22049.0
A000361,1948,22049.0
A000361,1949,22049.0
A000361,1950,22049.0
A000361,1951,22049.0
A000361,1952,22049.0
A000361,1953,22049.0
A000361,1954,22049.0
A000361,1955,22049.0
A000361,1956,22049.0
A000361,1957,22049.0
A000361,1958,22049.0
A000361,1959,22049.0
A000361,1960,22049.0
A000361,1961,22049.0
A000361,1962,22049.0
A000361,1963,22049.0
A000361,1964,22073.0
A000361,1964.0,22049.0
A000361,1965,22073.0
A000361,1966,22073.0
A000361,1967,22073.0
A000361,1968.0,22073.0
A000366,1956,26163.0
A000366,1957,26163.0
A000366,1958,26163.0
A000366,1959,26163.0
A000366,1960,26163.0
A000366,1961,26163.0
A000366,1962,26163.0
A000366,1963,26163.0
A000366,1964,26163.0
A000366,1965,26163.0
A000366,1966,26163.0
A000366,1967,26163.0
A000366,1968,26163.0
A000366,1969,26163.0
A000366,1970,26163.0
A000366,1971,26163.0
A000366,1972,26163.0
A000366,1973,26163.0
A000366,1974.0,26163.0
A000366,1985,12095.0
A000366,1986,12095.0
A000366,1987,12095.0
A000366,1988,12095.0
A000366,1989,12095.0
A000366,1990,12095.0
A000366,1991,12095.0
A000366,1992,12095.0
A000366,1993,12095.0
A000366,1994,12095.0
A000366,1995,12095.0
A000366,1996,12095.0
A000366,1997,12095.0
A000366,1998,12095.0
A000366,1999,12095.0
A000366,2000,12095.0
A000366,2001,12095.0
A000366,2002,12095.0
A000366,2003,12095.0
A000366,2004,12095.0
A000366,2005,12095.0
A000366,2006,12095.0
A000366,2007,12095.0
A000366,2008,12095.0
A000366,2009,12095.0
A000366,2010.0,12095.0
A000374,1954,22083.0
A000374,1955,22083.0
A000374,1956,22083.0
A000374,1957,22083.0
A000374,1958,22083.0
A000374,1959,22083.0
A000374,1960,22083.0
A000374,1961,22083.0
A000374,1962,22083.0
A000374,1963,22083.0
A000374,1964,22083.0
A000374,1965,22083.0
A000374,1966,22083.0
A000374,1967,22083.0
A000374,1968,22083.0
A000374,1969,22083.0
A000374,1970,22083.0
A000374,1971,22083.0
A000374,1972,22033.0
A000374,1972.0,22083.0
A000374,1973,22033.0
A000374,1974,22033.0
A000374,1975,22033.0
A000374,1976,22033.0
A000374,1977,22033.0
A000374,1978,22033.0
A000374,1979,22033.0
A000374,1980.0,22033.0
A000374,1994,22071.0
A000374,1995,22071.0
A000374,1996,22071.0
A000374,1997,22071.0
A000374,1998,22071.0
A000374,1999,22071.0
A000374,2000,22071.0
A000374,2001,22071.0
A000374,2002,22071.0
A000374,2003,22071.0
A000374,2004,22071.0
A000374,2005,22071.0
A000374,2006,22071.0
A000374,2007,22071.0
A000374,2008,22071.0
A000374,2009,22071.0
A000374,2010,22071.0
A000374,2011,22071.0
A000374,2012,22071.0
A000374,2013,22071.0
A000374,2014,22071.0
A000374,2015.0,22071.0
A000378,1965,26081.0
A000378,1966,26081.0
A000378,1967,26081.0
A000378,1968,26081.0
A000378,1969,26081.0
A000378,1970,26081.0
A000378,1971,26081.0
A000378,1972,26081.0
A000378,1973,26081.0
A000378,1974,26081.0
A000378,1975,26081.0
A000378,1976,26081.0
A000378,1977,26081.0
A000378,1978,26081.0
A000378,1979,26081.0
A000378,1980,26081.0
A000378,1981,26081.0
A000378,1982,26081.0
A000378,1983,19153.0
A000378,1983.0,26081.0
A000378,1984,19153.0
A000378,1985,19153.0
A000378,1986,19153.0
A000378,1987,19103.0
A000378,1987.0,19153.0
A000378,1988,19103.0
A000378,1989,19103.0
A000378,1990,19103.0
A000378,1991,19103.0
A000378,1992,19103.0
A000378,1993,19103.0
A000378,1994,19103.0
A000378,1995,19103.0
A000378,1996,19103.0
A000378,1997,19103.0
A000378,1998,19103.0
A000378,1999,19103.0
A000378,2000,19103.0
A000378,2001,19103.0
A000378,2002,17031.0
A000378,2002.0,19103.0
A000378,2003,17031.0
A000378,2004,17031.0
A000378,2005,17031.0
A000378,2006,17031.0
A000378,2007,17031.0
A000378,2008,17031.0
A000378,2009,17031.0
A000378,2010,17031.0
A000378,2011,17031.0
A000378,2012,17031.0
A000378,2013,17031.0
A000378,2014,17031.0
A000378,2015,17031.0
A000378,2016,17031.0
A000378,2017,17031.0
A000378,2018,17031.0
A000378,2019.0,17031.0
B000617,1954,48029.0
B000617,1955,48029.0
B000617,1956,48029.0
B000617,1957,48029.0
B000617,1958,48029.0
B000617,1959,48029.0
B000617,1960,48029.0
B000617,1961,48029.0
B000617,1962,48029.0
B000617,1963,48029.0
B000617,1964,48029.0
B000617,1965,48029.0
B000617,1966,48029.0
B000617,1967,48029.0
B000617,1968,48029.0
B000617,1969,48029.0
B000617,1970,48029.0
B000617,1971,48029.0
B000617,1972,48453.0
B000617,1972.0,48029.0
B000617,1973,48453.0
B000617,1974,48453.0
B000617,1975,48453.0
B000617,1976.0,48453.0
B001149,1938,18097.0
B001149,1939,18097.0
B001149,1940,18097.0
B001149,1941,18097.0
B001149,1942,18097.0
B001149,1943,18097.0
B001149,1944,18097.0
B001149,1945,18097.0
B001149,1946,18097.0
B001149,1947,18097.0
B001149,1948,18097.0
B001149,1949,18097.0
B001149,1950,18097.0
B001149,1951,18097.0
B001149,1952,18097.0
B001149,1953,18097.0
B001149,1954,18097.0
B001149,1955,18097.0
B001149,1956,18097.0
B001149,1957.0,18097.0
B001149,1962,18097.0
B001149,1963,18097.0
B001149,1964,18097.0
B001149,1965,18097.0
B001149,1966,18097.0
B001149,1967.0,18097.0
B001149,1968,18097.0
B001149,1969.0,18097.0
B001149,1970,18097.0
B001149,1971,18097.0
B001149,1972,18097.0
B001149,1973,18097.0
B001149,1974,18097.0
B001149,1975,18097.0
B001149,1976,18097.0
B001149,1977.0,18097.0
B001149,1980,18097.0
B001149,1981.0,18097.0
B001149,1982,11001.0
B001149,1983,11001.0
B001149,1984,11001.0
B001149,1985,11001.0
B001149,1986,11001.0
B001149,1987,11001.0
B001149,1988,11001.0
B001149,1989,11001.0
B001149,1990,11001.0
B001149,1991,11001.0
B001149,1992,11001.0
B001149,1993,11001.0
B001149,1994,11001.0
B001149,1995,11001.0
B001149,1996,11001.0
B001149,1997,11001.0
B001149,1998,11001.0
B001149,1999,11001.0
B001149,2000,11001.0
B001149,2001,11001.0
B001149,2002,11001.0
B001149,2003,11001.0
B001149,2004,11001.0
B001149,2005,11001.0
B001149,2006,11001.0
B001149,2007,11001.0
B001149,2008,11001.0
B001149,2009,11001.0
B001149,2010,11001.0
B001149,2011,11001.0
B001149,2012,11001.0
B001149,2013.0,11001.0
B001240,1948,8013.0
B001240,1949,8013.0
B001240,1950,8013.0
B001240,1951,8013.0
B001240,1952,8013.0
B001240,1953,8013.0
B001240,1954,8013.0
B001240,1955,8013.0
B001240,1956,8013.0
B001240,1957,8013.0
B001240,1958,8013.0
B001240,1959,8013.0
B001240,1960,8013.0
B001240,1961,8013.0
B001240,1962,8013.0
B001240,1963,8013.0
B001240,1964,8013.0
B001240,1965,8013.0
B001240,1966,8013.0
B001240,1967,8013.0
B001240,1968,8013.0
B001240,1969,8013.0
B001240,1970.0,8013.0
B001266,1937,17121.0
B001266,1938,17121.0
B001266,1939,17121.0
B001266,1940,17121.0
B001266,1941,17121.0
B001266,1942,17121.0
B001266,1943,17121.0
B001266,1944,17121.0
B001266,1945,17121.0
B001266,1946,17121.0
B001266,1947,17121.0
B001266,1948,17121.0
B001266,1949,17121.0
B001266,1950,17121.0
B001266,1951,17121.0
B001266,1952,17121.0
B001266,1953,17121.0
B001266,1954,17121.0
B001266,1955,17121.0
B001266,1956,17121.0
B001266,1957,17121.0
B001266,1958,17121.0
B001266,1959,11001.0
B001266,1959.0,17121.0
B001266,1960,11001.0
B001266,1961,11001.0
B001266,1962,11001.0
B001266,1963.0,11001.0
B001266,1973,17113.0
B001266,1974,17113.0
B001266,1975,17113.0
B001266,1976.0,17113.0
B001266,1995,17031.0
B001266,1996,17031.0
B001266,1997,17031.0
B001266,1998,17031.0
B001266,1999,17031.0
B001266,2000,17031.0
B001266,2001,17031.0
B001266,2002,17031.0
B001266,2003,17031.0
B001266,2004,17031.0
B001266,2005,17031.0
B001266,2006,17031.0
B001266,2007,17031.0
B001266,2008.0,17031.0
B001272,1959,38005.0
B001272,1960,38005.0
B001272,1961,38005.0
B001272,1962,38005.0
B001272,1963,38005.0
B001272,1964,38005.0
B001272,1965,38005.0
B001272,1966,38005.0
B001272,1967,38005.0
B001272,1968,38005.0
B001272,1969,38005.0
B001272,1970,38005.0
B001272,1971,38005.0
B001272,1972,38005.0
B001272,1973,38005.0
B001272,1974,38005.0
B001272,1975,38005.0
B001272,1976,38005.0
B001272,1977,38077.0
B001272,1977.0,38005.0
B001272,1978,38017.0
B001272,1978.0,38077.0
B001272,1979,38017.0
B001272,1980,38017.0
B001272,1981.0,38017.0
B001272,2011,11001.0
B001272,2012,11001.0
B001272,2013.0,11001.0
B001276,1951,36011.0
B001276,1952,36011.0
B001276,1953,36011.0
B001276,1954,36011.0
B001276,1955,36011.0
B001276,1956,36011.0
B001276,1957,36011.0
B001276,1958,36011.0
B001276,1959,36011.0
B001276,1960,36011.0
B001276,1961,36011.0
B001276,1962,36011.0
B001276,1963,36011.0
B001276,1964,36011.0
B001276,1965,36011.0
B001276,1966,36011.0
B001276,1967,36011.0
B001276,1968,36011.0
B001276,1969,36011.0
B001276,1970,36011.0
B001276,1971,36011.0
B001276,1972,36067.0
B001276,1972.0,36011.0
B001276,1973,36067.0
B001276,1974,36067.0
B001276,1975,36067.0
B001276,1976,36067.0
B001276,1977,36067.0
B001276,1978,36067.0
B001276,1979,36067.0
B001276,1980,36067.0
B001276,1981,36067.0
B001276,1982,36067.0
B001276,1983,36067.0
B001276,1984,36067.0
B001276,1985,36067.0
B001276,1986,36067.0
B001276,1987,36067.0
B001276,1988,36067.0
B001276,1989,36067.0
B001276,1990,36067.0
B001276,1991,36067.0
B001276,1992,36067.0
B001276,1993,36067.0
B001276,1994,36067.0
B001276,1995.0,36067.0
B001302,1958,4019.0
B001302,1959,4019.0
B001302,1960,4019.0
B001302,1961,4019.0
B001302,1962,4019.0
B001302,1963,4019.0
B001302,1964,4019.0
B001302,1965,4019.0
B001302,1966,4019.0
B001302,1967,4019.0
B001302,1968,4019.0
B001302,1969,4019.0
B001302,1970,4019.0
B001302,1971,4019.0
B001302,1972,4019.0
B001302,1973,4019.0
B001302,1974,4019.0
B001302,1975,4019.0
B001302,1976,4019.0
B001302,1977,4019.0
B001302,1978,4019.0
B001302,1979,4019.0
B001302,1980,4019.0
B001302,1981,4019.0
B001302,1982,4019.0
B001302,1983,4019.0
B001302,1984.0,4019.0
B001302,1999,4013.0
B001302,2000,4013.0
B001302,2001,4013.0
B001302,2002,4013.0
B001302,2003.0,4013.0
B001302,2017,11001.0
B001302,2018,11001.0
B001302,2019,11001.0
B001302,2020,11001.0
B001302,2021,11001.0
B001302,2022,11001.0
B001302,2023.0,11001.0
C000754,1954,47037.0
C000754,1955,47037.0
C000754,1956,47037.0
C000754,1957,47037.0
C000754,1958,47037.0
C000754,1959,47037.0
C000754,1960,47037.0
C000754,1961,47037.0
C000754,1962,47037.0
C000754,1963,47037.0
C000754,1964,47037.0
C000754,1965,47037.0
C000754,1966,47037.0
C000754,1967,47037.0
C000754,1968,47037.0
C000754,1969,47037.0
C000754,1970,47037.0
C000754,1971,47037.0
C000754,1972,37135.0
C000754,1972.0,47037.0
C000754,1973,37135.0
C000754,1974,37135.0
C000754,1975.0,37135.0
C000754,1977,25017.0
C000754,1978,25017.0
C000754,1979,25017.0
C000754,1980.0,25017.0
C000994,1941,6037.0
C000994,1942,6037.0
C000994,1943,6037.0
C000994,1944,6037.0
C000994,1945,6037.0
C000994,1946,6037.0
C000994,1947,6037.0
C000994,1948,6037.0
C000994,1949,6037.0
C000994,1950,6037.0
C000994,1951,6037.0
C000994,1952,6037.0
C000994,1953,6037.0
C000994,1954,6037.0
C000994,1955,6037.0
C000994,1956,6037.0
C000994,1957,6037.0
C000994,1958,6037.0
C000994,1959,6037.0
C000994,1960,6037.0
C000994,1961,6037.0
C000994,1962,6037.0
C000994,1963,6037.0
C000994,1964,29019.0
C000994,1964.0,6037.0
C000994,1965.0,29019.0
C000994,1989,6073.0
C000994,1990,6073.0
C000994,1991,6073.0
C000994,1992,6073.0
C000994,1993,6073.0
C000994,1994,6073.0
C000994,1995,6073.0
C000994,1996,6073.0
C000994,1997,6073.0
C000994,1998,6073.0
C000994,1999,6073.0
C000994,2000,6073.0
C000994,2001,6073.0
C000994,2002,6073.0
C000994,2003,6073.0
C000994,2004,6073.0
C000994,2005.0,6073.0
C001037,1952,25017.0
C001037,1953,25017.0
C001037,1954,25017.0
C001037,1955,25017.0
C001037,1956,25017.0
C001037,1957,25017.0
C001037,1958,25017.0
C001037,1959,25017.0
C001037,1960,25017.0
C001037,1961,25017.0
C001037,1962,25017.0
C001037,1963,25017.0
C001037,1964,25017.0
C001037,1965,25017.0
C001037,1966,25017.0
C001037,1967,25017.0
C001037,1968,25017.0
C001037,1969,33009.0
C001037,1969.0,25017.0
C001037,1970,33009.0
C001037,1971,33009.0
C001037,1972,33009.0
C001037,1973,25017.0
C001037,1973.0,33009.0
C001037,1974,25017.0
C001037,1975,25017.0
C001037,1976,25017.0
C001037,1977.0,25017.0
C001037,1985,25017.0
C001037,1986,25017.0
C001037,1987,25017.0
C001037,1988,25017.0
C001037,1989.0,25017.0
C001037,1990,25017.0
C001037,1991,25017.0
C001037,1992,25017.0
C001037,1993,25017.0
C001037,1994,25017.0
C001037,1995,25017.0
C001037,1996,25017.0
C001037,1997,25017.0
C001037,1998.0,25017.0
C001059,1952,6019.0
C001059,1953,6019.0
C001059,1954,6019.0
C001059,1955,6019.0
C001059,1956,6019.0
C001059,1957,6019.0
C001059,1958,6019.0
C001059,1959,6019.0
C001059,1960,6019.0
C001059,1961,6019.0
C001059,1962,6019.0
C001059,1963,6019.0
C001059,1964,6019.0
C001059,1965,6019.0
C001059,1966,6019.0
C001059,1967,6019.0
C001059,1968,6019.0
C001059,1969,6019.0
C001059,1970,6019.0
C001059,1971,6019.0
C001059,1972,6019.0
C001059,1973,6019.0
C001059,1974.0,6019.0
C001077,1955,29169.0
C001077,1956,29169.0
C001077,1957,29169.0
C001077,1958,29169.0
C001077,1959,29169.0
C001077,1960,29169.0
C001077,1961,29169.0
C001077,1962,29169.0
C001077,1963,29169.0
C001077,1964,29169.0
C001077,1965,29169.0
C001077,1966,29169.0
C001077,1967,29169.0
C001077,1968,29169.0
C001077,1969,29169.0
C001077,1970,29169.0
C001077,1971,29169.0
C001077,1972.0,29169.0
C001077,2009,11001.0
C001077,2010,11001.0
C001077,2011,11001.0
C001077,2012,11001.0
C001077,2013,11001.0
C001077,2014,11001.0
C001077,2015,11001.0
C001077,2016,11001.0
C001077,2017,11001.0
C001077,2018,11001.0
C001077,2019,8005.0
C001077,2019.0,11001.0
C001077,2020,8005.0
C001077,2021,8005.0
C001077,2022,8005.0
C001077,2023.0,8005.0
C001083,1956,10003.0
C001083,1957,10003.0
C001083,1958,10003.0
C001083,1959,10003.0
C001083,1960,10003.0
C001083,1961,10003.0
C001083,1962,10003.0
C001083,1963,10003.0
C001083,1964,10003.0
C001083,1965,10003.0
C001083,1966,10003.0
C001083,1967,10003.0
C001083,1968,10003.0
C001083,1969,10003.0
C001083,1970,10003.0
C001083,1971,10003.0
C001083,1972,10003.0
C001083,1973,10003.0
C001083,1974,33009.0
C001083,1974.0,10003.0
C001083,1975,33009.0
C001083,1976,33009.0
C001083,1977,33009.0
C001083,1978,10003.0
C001083,1978.0,33009.0
C001083,1979,10003.0
C001083,1980,10003.0
C001083,1981,10003.0
C001083,1982,10003.0
C001083,1983,10003.0
C001083,1984,10003.0
C001083,1985,10003.0
C001083,1986,11001.0
C001083,1986.0,10003.0
C001083,1987,11001.0
C001083,1988,11001.0
C001083,1989,10003.0
C001083,1989.0,11001.0
C001083,1990,10003.0
C001083,1991,10003.0
C001083,1992,10003.0
C001083,1993,10003.0
C001083,1994,10001.0
C001083,1994.0,10003.0
C001083,1995,10001.0
C001083,1996,10001.0
C001083,1997,10001.0
C001083,1998,10001.0
C001083,1999,10001.0
C001083,2000.0,10001.0
C001083,2001,10001.0
C001083,2002,10001.0
C001083,2003,10001.0
C001083,2004,10001.0
C001083,2005,10001.0
C001083,2006,10001.0
C001083,2007,10001.0
C001083,2008,10001.0
C001083,2009.0,10001.0
C001083,2011,11001.0
C001083,2012,11001.0
C001083,2013,11001.0
C001083,2014,11001.0
C001083,2015,11001.0
C001083,2016,11001.0
C001083,2017,10001.0
C001083,2017.0,11001.0
C001083,2018,10001.0
C001083,2019,10001.0
C001083,2020,10001.0
C001083,2021,10001.0
C001083,2022,10001.0
C001083,2023.0,10001.0
C001085,1957,26163.0
C001085,1958,26163.0
C001085,1959,26163.0
C001085,1960,26163.0
C001085,1961,26163.0
C001085,1962,26163.0
C001085,1963,26163.0
C001085,1964,26163.0
C001085,1965,26163.0
C001085,1966,26163.0
C001085,1967,26163.0
C001085,1968,26163.0
C001085,1969,26163.0
C001085,1970,26163.0
C001085,1971,26163.0
C001085,1972,26163.0
C001085,1973,26163.0
C001085,1974,26163.0
C001085,1975,33015.0
C001085,1975.0,26163.0
C001085,1976,26163.0
C001085,1976.0,33015.0
C001085,1977,25009.0
C001085,1977.0,26163.0
C001085,1978,25009.0
C001085,1979,25009.0
C001085,1980,36109.0
C001085,1980.0,25009.0
C001085,1981,36109.0
C001085,1982,36109.0
C001085,1983,36109.0
C001085,1984,11001.0
C001085,1984.0,36109.0
C001085,1985,11001.0
C001085,1986,11001.0
C001085,1987.0,11001.0
C001085,2001,26163.0
C001085,2011,11001.0
C001085,2012,11001.0
C001085,2013.0,11001.0
C001087,1966,12086.0
C001087,1967,12086.0
C001087,1968,12086.0
C001087,1969,12086.0
C001087,1970,12086.0
C001087,1971,12086.0
C001087,1972,12086.0
C001087,1973,12086.0
C001087,1974,12086.0
C001087,1975,12086.0
C001087,1976,12086.0
C001087,1977,12086.0
C001087,1978,12086.0
C001087,1979,12086.0
C001087,1980,12086.0
C001087,1981,12086.0
C001087,1982,12086.0
C001087,1983,12086.0
C001087,1984,12086.0
C001087,1985.0,12086.0
C001087,1996,5031.0
C001087,1997,5031.0
C001087,1998,5031.0
C001087,1999,5031.0
C001087,2000,5031.0
C001087,2001,5031.0
C001087,2002,5031.0
C001087,2003,5031.0
C001087,2004,5031.0
C001087,2005,5031.0
C001087,2006,5031.0
C001087,2007,5031.0
C001087,2008,5031.0
C001087,2009,5031.0
C001087,2010,5031.0
C001087,2011.0,5031.0
C001102,1959,18137.0
C001102,1960,18137.0
C001102,1961,18137.0
C001102,1962,18137.0
C001102,1963,18137.0
C001102,1964,18137.0
C001102,1965,18137.0
C001102,1966,18137.0
C001102,1967,18137.0
C001102,1968,18137.0
C001102,1969,18137.0
C001102,1970,18137.0
C001102,1971,18137.0
C001102,1972,18137.0
C001102,1973,18137.0
C001102,1974,18137.0
C001102,1975,18137.0
C001102,1976,18137.0
C001102,1977,18137.0
C001102,1978,49035.0
C001102,1978.0,18137.0
C001102,1979,18157.0
C001102,1979.0,49035.0
C001102,1980,18157.0
C001102,1981,18157.0
C001102,1982,18157.0
C001102,1983,18157.0
C001102,1984,25017.0
C001102,1984.0,18157.0
C001102,1985,25017.0
C001102,1986,25017.0
C001102,1987,25017.0
C001102,1988,25017.0
C001102,1989,25017.0
C001102,1990.0,25017.0
C001103,1957,13051.0
C001103,1958,13051.0
C001103,1959,13051.0
C001103,1960,13051.0
C001103,1961,13051.0
C001103,1962,13051.0
C001103,1963,13051.0
C001103,1964,13051.0
C001103,1965,13051.0
C001103,1966,13051.0
C001103,1967,13051.0
C001103,1968,13051.0
C001103,1969,13051.0
C001103,1970,13051.0
C001103,1971,13051.0
C001103,1972,13051.0
C001103,1973,13051.0
C001103,1974,13051.0
C001103,1975,13281.0
C001103,1975.0,13051.0
C001103,1976,13281.0
C001103,1977,13059.0
C001103,1977.0,13281.0
C001103,1978,13059.0
C001103,1979,13059.0
C001103,1980.0,13059.0
C001103,1994,13051.0
C001103,1995.0,13051.0
C001103,1996,13051.0
C001103,1997,13051.0
C001103,1998,13051.0
C001103,1999,13051.0
C001103,2000,13051.0
C001103,2001,13051.0
C001103,2002,13051.0
C001103,2003,13051.0
C001103,2004.0,13051.0
C001117,1989,50001.0
C001117,1990,50001.0
C001117,1991,50001.0
C001117,1992,50001.0
C001117,1993,33009.0
C001117,1993.0,50001.0
C001117,1994,33009.0
C001117,1995,33009.0
C001117,1996,33009.0
C001117,1997,33009.0
C001117,1998.0,33009.0
C001119,1990,47157.0
C001119,1991,47157.0
C001119,1992,47157.0
C001119,1993,47157.0
C001119,1994.0,47157.0
C001123,1971,6037.0
C001123,1972,6037.0
C001123,1973,6037.0
C001123,1974,6037.0
C001123,1975,6037.0
C001123,1976,6037.0
C001123,1977,6037.0
C001123,1978,6037.0
C001123,1979,6037.0
C001123,1980,6037.0
C001123,1981,6037.0
C001123,1982,6037.0
C001123,1983,6037.0
C001123,1984,6037.0
C001123,1985,6037.0
C001123,1986,6037.0
C001123,1987,6037.0
C001123,1988,6037.0
C001123,1989,6037.0
C001123,1990,6037.0
C001123,1991,6037.0
C001123,1992,6037.0
C001123,1993,6037.0
C001123,1994.0,6037.0
C001123,2007,8031.0
C001123,2008,8031.0
C001123,2009,8031.0
C001123,2010,8031.0
C001123,2011,8031.0
C001123,2012,8031.0
C001123,2013,8031.0
C001123,2014,8031.0
C001123,2015,44007.0
C001123,2015.0,8031.0
C001123,2016,44007.0
C001123,2017,44007.0
C001123,2018,44007.0
C001123,2019.0,44007.0
D000168,1942,13303.0
D000168,1943,13303.0
D000168,1944,13303.0
D000168,1945,13303.0
D000168,1946,13303.0
D000168,1947,13303.0
D000168,1948,13303.0
D000168,1949,13303.0
D000168,1950,13303.0
D000168,1951,13303.0
D000168,1952,13303.0
D000168,1953,13303.0
D000168,1954,13303.0
D000168,1955,13303.0
D000168,1956,13303.0
D000168,1957,13303.0
D000168,1958,13303.0
D000168,1959,13303.0
D000168,1960,13303.0
D000168,1961,13303.0
D000168,1962,13303.0
D000168,1963,13303.0
D000168,1964,13021.0
D000168,1964.0,13303.0
D000168,1965,13021.0
D000168,1966.0,13021.0
D000168,1971,13139.0
D000168,1972.0,13139.0
D000168,1977,13139.0
D000168,1978,13139.0
D000168,1979.0,13139.0
D000327,1940,53035.0
D000327,1941,53035.0
D000327,1942,53035.0
D000327,1943,53035.0
D000327,1944,53035.0
D000327,1945,53035.0
D000327,1946,53035.0
D000327,1947,53035.0
D000327,1948,53035.0
D000327,1949,53035.0
D000327,1950,53035.0
D000327,1951,53035.0
D000327,1952,53035.0
D000327,1953,53035.0
D000327,1954,53035.0
D000327,1955,53035.0
D000327,1956,53035.0
D000327,1957,53035.0
D000327,1958,53035.0
D000327,1959,53033.0
D000327,1959.0,53035.0
D000327,1960,53033.0
D000327,1961,53033.0
D000327,1962,53033.0
D000327,1963,53033.0
D000327,1964,53033.0
D000327,1965,53033.0
D000327,1966,53033.0
D000327,1967,53033.0
D000327,1968,11001.0
D000327,1968.0,53033.0
D000327,1969,11001.0
D000327,1970,11001.0
D000327,1971,11001.0
D000327,1972,11001.0
D000327,1973,11001.0
D000327,1974,11001.0
D000327,1975,11001.0
D000327,1976.0,11001.0
D000432,1942,38089.0
D000432,1943,38089.0
D000432,1944,38089.0
D000432,1945,38089.0
D000432,1946,38089.0
D000432,1947,38089.0
D000432,1948,38089.0
D000432,1949,38089.0
D000432,1950,38089.0
D000432,1951,38089.0
D000432,1952,38089.0
D000432,1953,38089.0
D000432,1954,38089.0
D000432,1955,38089.0
D000432,1956,38089.0
D000432,1957,38089.0
D000432,1958,38089.0
D000432,1959,38089.0
D000432,1960,38089.0
D000432,1961,38089.0
D000432,1962,38089.0
D000432,1963,38089.0
D000432,1964,8031.0
D000432,1964.0,38089.0
D000432,1965,8031.0
D000432,1966.0,8031.0
D000609,1966,39061.0
D000609,1967,39061.0
D000609,1968,39061.0
D000609,1969,39061.0
D000609,1970,39061.0
D000609,1971,39061.0
D000609,1972,39061.0
D000609,1973,39061.0
D000609,1974,39061.0
D000609,1975,39061.0
D000609,1976,39061.0
D000609,1977,39061.0
D000609,1978,39061.0
D000609,1979,39061.0
D000609,1980,39061.0
D000609,1981,39061.0
D000609,1982,39061.0
D000609,1983,39061.0
D000609,1984,39017.0
D000609,1984.0,39061.0
D000609,1985,39017.0
D000609,1986,39017.0
D000609,1987,39017.0
D000609,1988.0,39017.0
D000620,1963,34003.0
D000620,1964,34003.0
D000620,1965,34003.0
D000620,1966,34003.0
D000620,1967,34003.0
D000620,1968,34003.0
D000620,1969,34003.0
D000620,1970,34003.0
D000620,1971,34003.0
D000620,1972,34003.0
D000620,1973,34003.0
D000620,1974,34003.0
D000620,1975,34003.0
D000620,1976,34003.0
D000620,1977,34003.0
D000620,1978,34003.0
D000620,1979,34003.0
D000620,1980,34003.0
D000620,1981,36061.0
D000620,1981.0,34003.0
D000620,1982,36061.0
D000620,1983,36061.0
D000620,1984,36061.0
D000620,1985,11001.0
D000620,1985.0,36061.0
D000620,1986,11001.0
D000620,1987,11001.0
D000620,1988.0,11001.0
D000626,1989,36071.0
D000626,1990,36071.0
D000626,1991,36071.0
D000626,1992,36071.0
D000626,1993,36071.0
D000626,1994,36071.0
D000626,1995.0,36071.0
D000630,1977,36093.0
D000630,1978,36093.0
D000630,1979,36093.0
D000630,1980,36093.0
D000630,1981,36093.0
D000630,1982,36093.0
D000630,1983,36093.0
D000630,1984,36093.0
D000630,1985,36093.0
D000630,1986,36093.0
D000630,1987,36093.0
D000630,1988,36093.0
D000630,1989,36093.0
D000630,1990,36093.0
D000630,1991,36093.0
D000630,1992,36093.0
D000630,1993,36093.0
D000630,1994,36093.0
D000630,1995.0,36093.0
D000630,2001,25017.0
D000630,2002,25017.0
D000630,2003,25017.0
D000630,2004,25017.0
D000630,2005.0,25017.0
D000630,2019,36061.0
D000630,2020,36061.0
D000630,2021,36061.0
D000630,2022.0,36061.0
E000293,1959,17031.0
E000293,1960,17031.0
E000293,1961,17031.0
E000293,1962,17031.0
E000293,1963,17031.0
E000293,1964,17031.0
E000293,1965,17031.0
E000293,1966,17031.0
E000293,1967,17031.0
E000293,1968,17031.0
E000293,1969,17031.0
E000293,1970,17031.0
E000293,1971,17031.0
E000293,1972,17031.0
E000293,1973,17031.0
E000293,1974,17031.0
E000293,1975,17031.0
E000293,1976,17031.0
E000293,1977,25017.0
E000293,1977.0,17031.0
E000293,1978,25017.0
E000293,1979,25017.0
E000293,1980,25017.0
E000293,1981,9170.0
E000293,1981.0,25017.0
E000293,1982,9170.0
E000293,1983,9170.0
E000293,1984,9170.0
E000293,1985.0,9170.0
E000293,2005,9140.0
E000293,2006,9140.0
E000293,2007,9140.0
E000293,2008.0,9140.0
F000061,1953,55105.0
F000061,1954,55105.0
F000061,1955,55105.0
F000061,1956,55105.0
F000061,1957,55105.0
F000061,1958,55105.0
F000061,1959,55105.0
F000061,1960,55105.0
F000061,1961,55105.0
F000061,1962,55105.0
F000061,1963,55105.0
F000061,1964,55105.0
F000061,1965,55105.0
F000061,1966,55105.0
F000061,1967,55105.0
F000061,1968,55105.0
F000061,1969,55105.0
F000061,1970,55105.0
F000061,1971,55025.0
F000061,1971.0,55105.0
F000061,1972,55025.0
F000061,1973,55025.0
F000061,1974,55025.0
F000061,1975.0,55025.0
F000061,1977,25017.0
F000061,1978,25017.0
F000061,1979,55025.0
F000061,1979.0,25017.0
F000061,1980,55025.0
F000061,1981,55025.0
F000061,1982,55025.0
F000061,1983,55025.0
F000061,1984,55025.0
F000061,1985,55105.0
F000061,1985.0,55025.0
F000061,1986,55105.0
F000061,1987,55105.0
F000061,1988,55105.0
F000061,1989,55105.0
F000061,1990,55105.0
F000061,1991,55105.0
F000061,1992,55105.0
F000061,1993.0,55105.0
F000262,1970,47157.0
F000262,1971,47157.0
F000262,1972,47157.0
F000262,1973,47157.0
F000262,1974,47157.0
F000262,1975,47157.0
F000262,1976,47157.0
F000262,1977,47157.0
F000262,1978,47157.0
F000262,1979,47157.0
F000262,1980,47157.0
F000262,1981,47157.0
F000262,1982,47157.0
F000262,1983,47157.0
F000262,1984,47157.0
F000262,1985,47157.0
F000262,1986,47157.0
F000262,1987,47157.0
F000262,1988,42101.0
F000262,1988.0,47157.0
F000262,1989,42101.0
F000262,1990,42101.0
F000262,1991,42101.0
F000262,1992,11001.0
F000262,1992.0,42101.0
F000262,1993,26161.0
F000262,1993.0,11001.0
F000262,1994,26161.0
F000262,1995,26161.0
F000262,1996.0,26161.0
F000444,1962,4017.0
F000444,1963,4017.0
F000444,1964,4017.0
F000444,1965,4017.0
F000444,1966,4017.0
F000444,1967,4017.0
F000444,1968,4017.0
F000444,1969,4017.0
F000444,1970,4017.0
F000444,1971,4017.0
F000444,1972,4017.0
F000444,1973,4017.0
F000444,1974,4017.0
F000444,1975,4017.0
F000444,1976,4017.0
F000444,1977,4017.0
F000444,1978,4017.0
F000444,1979,4017.0
F000444,1980,4017.0
F000444,1981,4017.0
F000444,1982,4017.0
F000444,1983,4017.0
F000444,1984,4017.0
F000444,1985,4017.0
F000444,1986,49049.0
F000444,1986.0,4017.0
F000444,1987.0,49049.0
F000444,2001,11001.0
F000444,2002,11001.0
F000444,2003,11001.0
F000444,2004,11001.0
F000444,2005,11001.0
F000444,2006,11001.0
F000444,2007,11001.0
F000444,2008,11001.0
F000444,2009,11001.0
F000444,2010,11001.0
F000444,2011,11001.0
F000444,2012,11001.0
F000444,2013,11001.0
F000444,2014,11001.0
F000444,2015,11001.0
F000444,2016,11001.0
F000444,2017,11001.0
F000444,2018,11001.0
F000444,2019.0,11001.0
F000449,1960,22033.0
F000449,1961,22033.0
F000449,1962,22033.0
F000449,1963,22033.0
F000449,1964,22033.0
F000449,1965,22033.0
F000449,1966,22033.0
F000449,1967,22033.0
F000449,1968,22033.0
F000449,1969,22033.0
F000449,1970,22033.0
F000449,1971,22033.0
F000449,1972,22033.0
F000449,1973,22033.0
F000449,1974,22033.0
F000449,1975,22033.0
F000449,1976,22033.0
F000449,1977,22033.0
F000449,1978,22033.0
F000449,1979,22033.0
F000449,1980,22033.0
F000449,1981,22033.0
F000449,1982,11001.0
F000449,1982.0,22033.0
F000449,1983,11001.0
F000449,1984,11001.0
F000449,1985,11001.0
F000449,1986,39081.0
F000449,1986.0,11001.0
F000449,1987,39081.0
F000449,1988,39081.0
F000449,1989,39081.0
F000449,1990,39081.0
F000449,1991,39081.0
F000449,1992,39081.0
F000449,1993,39081.0
F000449,1994,39081.0
F000449,1995,39081.0
F000449,1996.0,39081.0
F000449,1997,31109.0
F000449,1998,31109.0
F000449,1999,31109.0
F000449,2000,31109.0
F000449,2001.0,31109.0
F000450,1943,36061.0
F000450,1944,36061.0
F000450,1945,36061.0
F000450,1946,36061.0
F000450,1947,36061.0
F000450,1948,36061.0
F000450,1949,36061.0
F000450,1950,36061.0
F000450,1951,36061.0
F000450,1952,36061.0
F000450,1953,36061.0
F000450,1954,36061.0
F000450,1955,36061.0
F000450,1956,36061.0
F000450,1957,36061.0
F000450,1958,36061.0
F000450,1959,36061.0
F000450,1960,36061.0
F000450,1961,37011.0
F000450,1961.0,36061.0
F000450,1962,37011.0
F000450,1963,37011.0
F000450,1964,37011.0
F000450,1965,37011.0
F000450,1966,37011.0
F000450,1967,37011.0
F000450,1968,37135.0
F000450,1968.0,37011.0
F000450,1969,37135.0
F000450,1970,37135.0
F000450,1971,37135.0
F000450,1972,37081.0
F000450,1972.0,37135.0
F000450,1973,37081.0
F000450,1974,37081.0
F000450,1975,37081.0
F000450,1976,37081.0
F000450,1977,37081.0
F000450,1978,37081.0
F000450,1979,37081.0
F000450,1980,37081.0
F000450,1981,37081.0
F000450,1982,37081.0
F000450,1983,37081.0
F000450,1984,37081.0
F000450,1985.0,37081.0
F000450,1987,37121.0
F000450,1988,37121.0
F000450,1989,37121.0
F000450,1990,37121.0
F000450,1991,37121.0
F000450,1992,37121.0
F000450,1993,37121.0
F000450,1994.0,37121.0
F000454,1955,55025.0
F000454,1956,55025.0
F000454,1957,55025.0
F000454,1958,55025.0
F000454,1959,55025.0
F000454,1960,55025.0
F000454,1961,55025.0
F000454,1962,55025.0
F000454,1963,55025.0
F000454,1964,55025.0
F000454,1965,55025.0
F000454,1966,55025.0
F000454,1967,55025.0
F000454,1968,55025.0
F000454,1969,55025.0
F000454,1970,55025.0
F000454,1971,55025.0
F000454,1972,55025.0
F000454,1973,55025.0
F000454,1974,55025.0
F000454,1975,25017.0
F000454,1975.0,55025.0
F000454,1976,25017.0
F000454,1977,25017.0
F000454,1978,25017.0
F000454,1979,25017.0
F000454,1980,25017.0
F000454,1981,25017.0
F000454,1982,25017.0
F000454,1983,25017.0
F000454,1984,17043.0
F000454,1984.0,25017.0
F000454,1985,17043.0
F000454,1986,17043.0
F000454,1987,17043.0
F000454,1988,17043.0
F000454,1989,17043.0
F000454,1990,17043.0
F000454,1991,17043.0
F000454,1992,17043.0
F000454,1993,17043.0
F000454,1994,17043.0
F000454,1995,17043.0
F000454,1996,17043.0
F000454,1997,17043.0
F000454,1998,17043.0
F000454,1999,17043.0
F000454,2000,17043.0
F000454,2001,17043.0
F000454,2002,17043.0
F000454,2003,17043.0
F000454,2004,17043.0
F000454,2005,17043.0
F000454,2006,17043.0
F000454,2007,17043.0
F000454,2008.0,17043.0
F000459,1962,36061.0
F000459,1963,36061.0
F000459,1964,36061.0
F000459,1965,36061.0
F000459,1966,36061.0
F000459,1967,36061.0
F000459,1968,36061.0
F000459,1969,36061.0
F000459,1970,36061.0
F000459,1971,36061.0
F000459,1972,36061.0
F000459,1973,36061.0
F000459,1974,36061.0
F000459,1975,36061.0
F000459,1976,36061.0
F000459,1977,36061.0
F000459,1978,36061.0
F000459,1979,36061.0
F000459,1980,17031.0
F000459,1980.0,36061.0
F000459,1981,17031.0
F000459,1982,17031.0
F000459,1983,47093.0
F000459,1983.0,17031.0
F000459,1984,47093.0
F000459,1985,47093.0
F000459,1986.0,47093.0
F000479,1969,42011.0
F000479,1970,42011.0
F000479,1971,42011.0
F000479,1972,42011.0
F000479,1973,42011.0
F000479,1974,42011.0
F000479,1975,42011.0
F000479,1976,42011.0
F000479,1977,42011.0
F000479,1978,42011.0
F000479,1979,42011.0
F000479,1980,42011.0
F000479,1981,42011.0
F000479,1982,42011.0
F000479,1983,42011.0
F000479,1984,42011.0
F000479,1985,42011.0
F000479,1986,42011.0
F000479,1987,42011.0
F000479,1988,42011.0
F000479,1989,42011.0
F000479,1990,42011.0
F000479,1991,9110.0
F000479,1991.0,42011.0
F000479,1992,9110.0
F000479,1993,25017.0
F000479,1993.0,9110.0
F000479,1994,25017.0
F000479,1995,25017.0
F000479,1996,25017.0
F000479,1997,25017.0
F000479,1998,25017.0
F000479,1999.0,25017.0
F000479,2006,42003.0
F000479,2007,42003.0
F000479,2008,42003.0
F000479,2009,42003.0
F000479,2010,42003.0
F000479,2011,42003.0
F000479,2012,42003.0
F000479,2013,42003.0
F000479,2014,42003.0
F000479,2015,42003.0
F000479,2016,42003.0
F000479,2017,42003.0
F000479,2018,42003.0
F000479,2019.0,42003.0
G000557,1942,22017.0
G000557,1943,22017.0
G000557,1944,22017.0
G000557,1945,22017.0
G000557,1946,22017.0
G000557,1947,22017.0
G000557,1948,22017.0
G000557,1949,22017.0
G000557,1950,22017.0
G000557,1951,22017.0
G000557,1952,22017.0
G000557,1953,22017.0
G000557,1954,22017.0
G000557,1955,22017.0
G000557,1956,22017.0
G000557,1957,22017.0
G000557,1958,22017.0
G000557,1959,22017.0
G000557,1960,22017.0
G000557,1961,22017.0
G000557,1962,22033.0
G000557,1962.0,22017.0
G000557,1963,22033.0
G000557,1964,22033.0
G000557,1965,22033.0
G000557,1966,22033.0
G000557,1967,22033.0
G000557,1968,22033.0
G000557,1969,22033.0
G000557,1970.0,22033.0
G000557,2009,1089.0
G000557,2010,1089.0
G000557,2011.0,1089.0
G000568,1976,51191.0
G000568,1977,51191.0
G000568,1978,51191.0
G000568,1979,51191.0
G000568,1980,51678.0
G000568,1980.0,51191.0
G000568,1981,51678.0
G000568,1982,51678.0
G000568,1983.0,51678.0
G000572,1961,48043.0
G000572,1962,48043.0
G000572,1963,48043.0
G000572,1964,48043.0
G000572,1965,48043.0
G000572,1966,48043.0
G000572,1967,48043.0
G000572,1968,48043.0
G000572,1969,48043.0
G000572,1970,48043.0
G000572,1971,48043.0
G000572,1972,48043.0
G000572,1973,48043.0
G000572,1974,48043.0
G000572,1975,48043.0
G000572,1976,48043.0
G000572,1977,48043.0
G000572,1978,48043.0
G000572,1979,48043.0
G000572,1980,48043.0
G000572,1981,48043.0
G000572,1982,48453.0
G000572,1982.0,48043.0
G000572,1983,48453.0
G000572,1984,48453.0
G000572,1985.0,48453.0
G000575,1963,12086.0
G000575,1964,12086.0
G000575,1965,12086.0
G000575,1966,12086.0
G000575,1967,12086.0
G000575,1968,12086.0
G000575,1969,12086.0
G000575,1970,12086.0
G000575,1971,12086.0
G000575,1972,12086.0
G000575,1973,12086.0
G000575,1974,12086.0
G000575,1975,12086.0
G000575,1976,12086.0
G000575,1977,12086.0
G000575,1978,12086.0
G000575,1979,12086.0
G000575,1980,37135.0
G000575,1980.0,12086.0
G000575,1981,37135.0
G000575,1982,37135.0
G000575,1983,37135.0
G000575,1984,11001.0
G000575,1984.0,37135.0
G000575,1985,11001.0
G000575,1986,11001.0
G000575,1987,11001.0
G000575,1988.0,11001.0
G000575,2015,11001.0
G000575,2016,11001.0
G000575,2017.0,11001.0
G000575,2021,11001.0
G000575,2022,11001.0
G000575,2023.0,11001.0
G000583,1975,34013.0
G000583,1976,34013.0
G000583,1977,34013.0
G000583,1978,34013.0
G000583,1979,34013.0
G000583,1980,34013.0
G000583,1981,34013.0
G000583,1982,34013.0
G000583,1983,34013.0
G000583,1984,34013.0
G000583,1985,34013.0
G000583,1986,34013.0
G000583,1987,34013.0
G000583,1988,34013.0
G000583,1989,34013.0
G000583,1990,34013.0
G000583,1991,34013.0
G000583,1992,34013.0
G000583,1993,42101.0
G000583,1993.0,34013.0
G000583,1994,42101.0
G000583,1995,42101.0
G000583,1996,42101.0
G000583,1997,25017.0
G000583,1997.0,42101.0
G000583,1998,25017.0
G000583,1999,25017.0
G000583,2000,25017.0
G000583,2001,25017.0
G000583,2002,25017.0
G000583,2003,25017.0
G000583,2004.0,25017.0
H000338,1934,42003.0
H000338,1935,42003.0
H000338,1936,42003.0
H000338,1937,42003.0
H000338,1938,42003.0
H000338,1939,42003.0
H000338,1940,42003.0
H000338,1941,42003.0
H000338,1942,42003.0
H000338,1943,42003.0
H000338,1944,42003.0
H000338,1945,42003.0
H000338,1946,42003.0
H000338,1947,42003.0
H000338,1948,42003.0
H000338,1949,42003.0
H000338,1950,42003.0
H000338,1951,42003.0
H000338,1952,42003.0
H000338,1953,42003.0
H000338,1954,42003.0
H000338,1955,42003.0
H000338,1956,42003.0
H000338,1957,42003.0
H000338,1958,42003.0
H000338,1959,42003.0
H000338,1960,42003.0
H000338,1961,42003.0
H000338,1962.0,42003.0
H000338,1963,42003.0
H000338,1964,42003.0
H000338,1965,42003.0
H000338,1966,42003.0
H000338,1967,42003.0
H000338,1968,42003.0
H000338,1969.0,42003.0
H000338,1976,11001.0
H000338,1977,11001.0
H000338,1978,11001.0
H000338,1979,11001.0
H000338,1980,11001.0
H000338,1981,11001.0
H000338,1982,11001.0
H000338,1983,11001.0
H000338,1984,11001.0
H000338,1985,11001.0
H000338,1986,11001.0
H000338,1987,11001.0
H000338,1988,11001.0
H000338,1989,11001.0
H000338,1990,11001.0
H000338,1991,11001.0
H000338,1992,11001.0
H000338,1993,11001.0
H000338,1994,11001.0
H000338,1995,11001.0
H000338,1996,11001.0
H000338,1997,11001.0
H000338,1998,11001.0
H000338,1999,11001.0
H000338,2000,11001.0
H000338,2001,11001.0
H000338,2002,11001.0
H000338,2003,11001.0
H000338,2004,11001.0
H000338,2005,11001.0
H000338,2006,11001.0
H000338,2007,11001.0
H000338,2008,11001.0
H000338,2009,11001.0
H000338,2010,11001.0
H000338,2011,11001.0
H000338,2012,11001.0
H000338,2013,11001.0
H000338,2014,11001.0
H000338,2015,11001.0
H000338,2016,11001.0
H000338,2017,11001.0
H000338,2018,11001.0
H000338,2019,49035.0
H000338,2019.0,11001.0
H000338,2020,49035.0
H000338,2021,49035.0
H000338,2022.0,49035.0
H001056,1978,6037.0
H001056,1979,6037.0
H001056,1980,6037.0
H001056,1981,6037.0
H001056,1982,6037.0
H001056,1983,6037.0
H001056,1984,6037.0
H001056,1985,6037.0
H001056,1986,6037.0
H001056,1987,6037.0
H001056,1988,6037.0
H001056,1989,6037.0
H001056,1990,6037.0
H001056,1991,6037.0
H001056,1992,6037.0
H001056,1993,6037.0
H001056,1994,6037.0
H001056,1995,6037.0
H001056,1996,53033.0
H001056,1996.0,6037.0
H001056,1997,53033.0
H001056,1998.0,53033.0
H001056,2003,53033.0
H001056,2004.0,53033.0
H001056,2007,53067.0
H001056,2008,53067.0
H001056,2009,53067.0
H001056,2010.0,53067.0
H001056,2011,11001.0
H001056,2012,11001.0
H001056,2013,11001.0
H001056,2014,11001.0
H001056,2015,11001.0
H001056,2016,11001.0
H001056,2017,11001.0
H001056,2018,11001.0
H001056,2019,11001.0
H001056,2020,11001.0
H001056,2021,11001.0
H001056,2022,11001.0
H001056,2023.0,11001.0
H001067,1971,51620.0
H001067,1972,51620.0
H001067,1973,51620.0
H001067,1974,51620.0
H001067,1975,51620.0
H001067,1976,51620.0
H001067,1977,51620.0
H001067,1978,51620.0
H001067,1979,51620.0
H001067,1980,51620.0
H001067,1981,51620.0
H001067,1982,51620.0
H001067,1983,51620.0
H001067,1984,51620.0
H001067,1985,51620.0
H001067,1986,51620.0
H001067,1987,51620.0
H001067,1988,51620.0
H001067,1989,51620.0
H001067,1990,37119.0
H001067,1990.0,51620.0
H001067,1991,37119.0
H001067,1992,37119.0
H001067,1993,37119.0
H001067,1994,37119.0
H001067,1995,37119.0
H001067,1996.0,37119.0
H001076,1958,25025.0
H001076,1959,25025.0
H001076,1960,25025.0
H001076,1961,25025.0
H001076,1962,25025.0
H001076,1963,25025.0
H001076,1964,25025.0
H001076,1965,25025.0
H001076,1966,25025.0
H001076,1967,25025.0
H001076,1968,25025.0
H001076,1969,25025.0
H001076,1970,25025.0
H001076,1971,25025.0
H001076,1972,25025.0
H001076,1973,25025.0
H001076,1974,25025.0
H001076,1975,25025.0
H001076,1976,25025.0
H001076,1977,25025.0
H001076,1978,25025.0
H001076,1979,25025.0
H001076,1980,25025.0
H001076,1981,25025.0
H001076,1982,25025.0
H001076,1983,25025.0
H001076,1984,25025.0
H001076,1985.0,25025.0
I000026,1951,53033.0
I000026,1952,53033.0
I000026,1953,53033.0
I000026,1954,53033.0
I000026,1955,53033.0
I000026,1956,53033.0
I000026,1957,53033.0
I000026,1958,53033.0
I000026,1959,53033.0
I000026,1960,53033.0
I000026,1961,53033.0
I000026,1962,53033.0
I000026,1963,53033.0
I000026,1964,53033.0
I000026,1965,53033.0
I000026,1966,53033.0
I000026,1967,53033.0
I000026,1968,53033.0
I000026,1969,6085.0
I000026,1969.0,53033.0
I000026,1970,6085.0
I000026,1971,6085.0
I000026,1972,41047.0
I000026,1972.0,6085.0
I000026,1973,41047.0
I000026,1974,41047.0
I000026,1975,41047.0
I000026,1976,53077.0
I000026,1976.0,41047.0
I000026,1977,53077.0
I000026,1978,53077.0
I000026,1979,53077.0
I000026,1980,53077.0
I000026,1981,53077.0
I000026,1982,53077.0
I000026,1983,53077.0
I000026,1984.0,53077.0
I000026,1988,53067.0
I000026,1989,53067.0
I000026,1990,53067.0
I000026,1991,53067.0
I000026,1992.0,53067.0
I000026,1993,11001.0
I000026,1994,11001.0
I000026,1995.0,11001.0
I000026,1999,11001.0
I000026,2000,11001.0
I000026,2001,11001.0
I000026,2002,11001.0
I000026,2003,11001.0
I000026,2004,11001.0
I000026,2005,11001.0
I000026,2006,11001.0
I000026,2007,11001.0
I000026,2008,11001.0
I000026,2009,11001.0
I000026,2010,11001.0
I000026,2011,11001.0
I000026,2012.0,11001.0
J000126,1935,48309.0
J000126,1936,48309.0
J000126,1937,48309.0
J000126,1938,48309.0
J000126,1939,48309.0
J000126,1940,48309.0
J000126,1941,48309.0
J000126,1942,48309.0
J000126,1943,48309.0
J000126,1944,48309.0
J000126,1945,48309.0
J000126,1946,48309.0
J000126,1947,48309.0
J000126,1948,48309.0
J000126,1949,48309.0
J000126,1950,48309.0
J000126,1951,48309.0
J000126,1952,18141.0
J000126,1952.0,48309.0
J000126,1953,18141.0
J000126,1954,18141.0
J000126,1955,48439.0
J000126,1955.0,18141.0
J000126,1956,48439.0
J000126,1957,48439.0
J000126,1958,48439.0
J000126,1959,48439.0
J000126,1960,48439.0
J000126,1961,48439.0
J000126,1962,48439.0
J000126,1963,48439.0
J000126,1964,48439.0
J000126,1965,48439.0
J000126,1966,48439.0
J000126,1967.0,48439.0
J000126,1977,48113.0
J000126,1978,48113.0
J000126,1979,48113.0
J000126,1980,48113.0
J000126,1981.0,48113.0
J000307,1981,26125.0
J000307,1982,26125.0
J000307,1983,26125.0
J000307,1984,26125.0
J000307,1985,26125.0
J000307,1986,26125.0
J000307,1987,26125.0
J000307,1988,26125.0
J000307,1989,26125.0
J000307,1990,26125.0
J000307,1991,26125.0
J000307,1992,26125.0
J000307,1993,26125.0
J000307,1994,26125.0
J000307,1995,26125.0
J000307,1996,26125.0
J000307,1997,26125.0
J000307,1998,26125.0
J000307,1999,36071.0
J000307,1999.0,26125.0
J000307,2000,36071.0
J000307,2001,36071.0
J000307,2002,36071.0
J000307,2003,36071.0
J000307,2004.0,36071.0
J000307,2012,42027.0
J000307,2013,42027.0
J000307,2014,26161.0
J000307,2014.0,42027.0
J000307,2015.0,26161.0
K000008,1937,42079.0
K000008,1938,42079.0
K000008,1939,42079.0
K000008,1940,42079.0
K000008,1941,42079.0
K000008,1942,42079.0
K000008,1943,42079.0
K000008,1944,42079.0
K000008,1945,42079.0
K000008,1946,42079.0
K000008,1947,42079.0
K000008,1948,42079.0
K000008,1949,42079.0
K000008,1950,42079.0
K000008,1951,42079.0
K000008,1952,42079.0
K000008,1953,42079.0
K000008,1954,11001.0
K000008,1954.0,42079.0
K000008,1955,11001.0
K000008,1956,11001.0
K000008,1957,42101.0
K000008,1957.0,11001.0
K000008,1958,42101.0
K000008,1959,42101.0
K000008,1960,42101.0
K000008,1961,42041.0
K000008,1961.0,42101.0
K000008,1962,42041.0
K000008,1963,42041.0
K000008,1964,42041.0
K000008,1965.0,42041.0
K000172,1929,26049.0
K000172,1930,26049.0
K000172,1931,26049.0
K000172,1932,26049.0
K000172,1933,26049.0
K000172,1934,26049.0
K000172,1935,26049.0
K000172,1936,26049.0
K000172,1937,26049.0
K000172,1938,26049.0
K000172,1939,26049.0
K000172,1940,26049.0
K000172,1941,26049.0
K000172,1942,26049.0
K000172,1943,26049.0
K000172,1944,26049.0
K000172,1945,26049.0
K000172,1946,26049.0
K000172,1947,26163.0
K000172,1947.0,26049.0
K000172,1948,26163.0
K000172,1949,26163.0
K000172,1950,26163.0
K000172,1951,26163.0
K000172,1952,26163.0
K000172,1953,26163.0
K000172,1954,26163.0
K000172,1955.0,26163.0
K000172,1959,26161.0
K000172,1960,26161.0
K000172,1961.0,26161.0
K000220,1955,48041.0
K000220,1956,48041.0
K000220,1957,48041.0
K000220,1958,48041.0
K000220,1959,48041.0
K000220,1960,48041.0
K000220,1961,48041.0
K000220,1962,48041.0
K000220,1963,48041.0
K000220,1964,48041.0
K000220,1965,48041.0
K000220,1966,48041.0
K000220,1967,48041.0
K000220,1968,48041.0
K000220,1969,48041.0
K000220,1970,48041.0
K000220,1971,48041.0
K000220,1972,48041.0
K000220,1973,26065.0
K000220,1973.0,48041.0
K000220,1974,13059.0
K000220,1974.0,26065.0
K000220,1975,13059.0
K000220,1976,13059.0
K000220,1977,13059.0
K000220,1978.0,13059.0
K000394,1982,25025.0
K000394,1983,25025.0
K000394,1984,25025.0
K000394,1985,25025.0
K000394,1986,25025.0
K000394,1987,25025.0
K000394,1988,25025.0
K000394,1989,25025.0
K000394,1990,25025.0
K000394,1991,25025.0
K000394,1992,25025.0
K000394,1993,25025.0
K000394,1994,25025.0
K000394,1995,25025.0
K000394,1996,25025.0
K000394,1997,25025.0
K000394,1998,25025.0
K000394,1999,25025.0
K000394,2000,6027.0
K000394,2000.0,25025.0
K000394,2001,6027.0
K000394,2002,17031.0
K000394,2002.0,6027.0
K000394,2003,17031.0
K000394,2004.0,17031.0
L000557,1948,9110.0
L000557,1949,9110.0
L000557,1950,9110.0
L000557,1951,9110.0
L000557,1952,9110.0
L000557,1953,9110.0
L000557,1954,9110.0
L000557,1955,9110.0
L000557,1956,9110.0
L000557,1957,9110.0
L000557,1958,9110.0
L000557,1959,9110.0
L000557,1960,9110.0
L000557,1961,9110.0
L000557,1962,9110.0
L000557,1963,9110.0
L000557,1964,9110.0
L000557,1965,9110.0
L000557,1966,9110.0
L000557,1967,9110.0
L000557,1968,9110.0
L000557,1969,9110.0
L000557,1970,9110.0
L000557,1971.0,9110.0
L000557,1977,9110.0
L000557,1978,9110.0
L000557,1979,9110.0
L000557,1980,9110.0
L000557,1981,9110.0
L000557,1982,9110.0
L000557,1983.0,9110.0
L000579,1941,36061.0
L000579,1942,36061.0
L000579,1943,36061.0
L000579,1944,36061.0
L000579,1945,36061.0
L000579,1946,36061.0
L000579,1947,36061.0
L000579,1948,36061.0
L000579,1949,36061.0
L000579,1950,36061.0
L000579,1951,36061.0
L000579,1952,36061.0
L000579,1953,36061.0
L000579,1954,36061.0
L000579,1955,36061.0
L000579,1956,36061.0
L000579,1957,36061.0
L000579,1958,36061.0
L000579,1959,36061.0
L000579,1960,36061.0
L000579,1961,36061.0
L000579,1962,39049.0
L000579,1962.0,36061.0
L000579,1963,39049.0
L000579,1964,39049.0
L000579,1965,39049.0
L000579,1966,39049.0
L000579,1967.0,39049.0
L000579,1969,6037.0
L000579,1970,6037.0
L000579,1971,6037.0
L000579,1972,6037.0
L000579,1973,6037.0
L000579,1974,6037.0
L000579,1975,6037.0
L000579,1976,6037.0
L000579,1977,6037.0
L000579,1978,6037.0
L000579,1979,6037.0
L000579,1980,6037.0
L000579,1981,6037.0
L000579,1982,6037.0
L000579,1983,6037.0
L000579,1984,6037.0
L000579,1985,6037.0
L000579,1986,6037.0
L000579,1987,6037.0
L000579,1988,6037.0
L000579,1989,6037.0
L000579,1990,6037.0
L000579,1991,6037.0
L000579,1992,6037.0
L000579,1993,6037.0
L000579,1994,6037.0
L000579,1995,6037.0
L000579,1996,6037.0
L000579,1997,6037.0
L000579,1998.0,6037.0
L000579,2013,11001.0
L000579,2014,11001.0
L000579,2015,11001.0
L000579,2016,11001.0
L000579,2017,11001.0
L000579,2018,11001.0
L000579,2019,11001.0
L000579,2020,11001.0
L000579,2021,11001.0
L000579,2022.0,11001.0
M000404,1936,17031.0
M000404,1937,17031.0
M000404,1938,17031.0
M000404,1939,17031.0
M000404,1940,17031.0
M000404,1941,17031.0
M000404,1942,17031.0
M000404,1943,17031.0
M000404,1944,17031.0
M000404,1945,17031.0
M000404,1946,17031.0
M000404,1947,17031.0
M000404,1948,17031.0
M000404,1949,17031.0
M000404,1950,17031.0
M000404,1951,17031.0
M000404,1952,17031.0
M000404,1953,17031.0
M000404,1954,17031.0
M000404,1955,17031.0
M000404,1956,17031.0
M000404,1957,17031.0
M000404,1958,17031.0
M000404,1959,17031.0
M000404,1960,17031.0
M000404,1961,17031.0
M000404,1962,17031.0
M000404,1963.0,17031.0
M000404,1964,17019.0
M000404,1965,17019.0
M000404,1966,53033.0
M000404,1966.0,17019.0
M000404,1967,53033.0
M000404,1968.0,53033.0
M000404,1970,53033.0
M000404,1971,53067.0
M000404,1971,53033.0
M000404,1972.0,53067.0
M000404,1972,53033.0
M000404,1973,53033.0
M000404,1974,53033.0
M000404,1975,53033.0
M000404,1976,53033.0
M000404,1977,53033.0
M000404,1978,53033.0
M000404,1979,53033.0
M000404,1980,53033.0
M000404,1981,53033.0
M000404,1982,53033.0
M000404,1983.0,53033.0
M000404,1989,11001.0
M000404,1990,11001.0
M000404,1991,11001.0
M000404,1992,11001.0
M000404,1993,11001.0
M000404,1994,11001.0
M000404,1995,11001.0
M000404,1996,11001.0
M000404,1997,11001.0
M000404,1998,11001.0
M000404,1999,11001.0
M000404,2000,11001.0
M000404,2001,11001.0
M000404,2002,11001.0
M000404,2003,11001.0
M000404,2004,11001.0
M000404,2005,11001.0
M000404,2006,11001.0
M000404,2007,11001.0
M000404,2008,11001.0
M000404,2009,11001.0
M000404,2010,11001.0
M000404,2011,11001.0
M000404,2012,11001.0
M000404,2013,11001.0
M000404,2014,11001.0
M000404,2015,11001.0
M000404,2016,11001.0
M000404,2017.0,11001.0
M000523,1955,13121.0
M000523,1956,13121.0
M000523,1957,13121.0
M000523,1958,13121.0
M000523,1959,13121.0
M000523,1960,13121.0
M000523,1961,13121.0
M000523,1962,13121.0
M000523,1963,13121.0
M000523,1964,13121.0
M000523,1965,13121.0
M000523,1966,13121.0
M000523,1967,13121.0
M000523,1968,13121.0
M000523,1969,13121.0
M000523,1970,13121.0
M000523,1971,13121.0
M000523,1972,13121.0
M000523,1973,13121.0
M000523,1974.0,13121.0
M000523,1978,25017.0
M000523,1979,25017.0
M000523,1980,25017.0
M000523,1981,25017.0
M000523,1982,25017.0
M000523,1983,25017.0
M000523,1984,13121.0
M000523,1984.0,25017.0
M000523,1985,13121.0
M000523,1986,13121.0
M000523,1987,13121.0
M000523,1988.0,13121.0
M001137,1953,36061.0
M001137,1954,36061.0
M001137,1955,36061.0
M001137,1956,36061.0
M001137,1957,36061.0
M001137,1958,36061.0
M001137,1959,36061.0
M001137,1960,36061.0
M001137,1961,36061.0
M001137,1962,36061.0
M001137,1963,36061.0
M001137,1964,36061.0
M001137,1965,36061.0
M001137,1966,36061.0
M001137,1967,36061.0
M001137,1968,36061.0
M001137,1969,36061.0
M001137,1970,36061.0
M001137,1971,36059.0
M001137,1971.0,36061.0
M001137,1972,36059.0
M001137,1973,36059.0
M001137,1974,36059.0
M001137,1975,11001.0
M001137,1975.0,36059.0
M001137,1976,11001.0
M001137,1977,11001.0
M001137,1978,36061.0
M001137,1978.0,11001.0
M001137,1979,36061.0
M001137,1980,36061.0
M001137,1981,36061.0
M001137,1982,36061.0
M001137,1983.0,36061.0
M001137,1984,36061.0
M001137,1985,36061.0
M001137,1986,36061.0
M001137,1987,36061.0
M001137,1988,36061.0
M001137,1989,36061.0
M001137,1990,36061.0
M001137,1991,36061.0
M001137,1992,36061.0
M001137,1993,36061.0
M001137,1994,36061.0
M001137,1995,36061.0
M001137,1996,36061.0
M001137,1997,36061.0
M001137,1998.0,36061.0
M001138,1944,17201.0
M001138,1945,17201.0
M001138,1946,17201.0
M001138,1947,17201.0
M001138,1948,17201.0
M001138,1949,17201.0
M001138,1950,17201.0
M001138,1951,17201.0
M001138,1952,17201.0
M001138,1953,17201.0
M001138,1954,17201.0
M001138,1955,17201.0
M001138,1956,17201.0
M001138,1957,17201.0
M001138,1958,17201.0
M001138,1959,17201.0
M001138,1960,17201.0
M001138,1961,17201.0
M001138,1962,11001.0
M001138,1962.0,17201.0
M001138,1963,11001.0
M001138,1964,11001.0
M001138,1965,11001.0
M001138,1966,11001.0
M001138,1967.0,11001.0
M001138,1970,55079.0
M001138,1971,55079.0
M001138,1972,55079.0
M001138,1973,55079.0
M001138,1974,55079.0
M001138,1975,55079.0
M001138,1976,55079.0
M001138,1977,55079.0
M001138,1978,55079.0
M001138,1979,55079.0
M001138,1980,55079.0
M001138,1981,55079.0
M001138,1982,55079.0
M001138,1983,55079.0
M001138,1984,55079.0
M001138,1985,55079.0
M001138,1986,55079.0
M001138,1987,55079.0
M001138,1988,55079.0
M001138,1989,55079.0
M001138,1990,55079.0
M001138,1991,55079.0
M001138,1992.0,55079.0
M001178,1970,29019.0
M001178,1971,29019.0
M001178,1972,29019.0
M001178,1973,29019.0
M001178,1974,29019.0
M001178,1975,29019.0
M001178,1976,29019.0
M001178,1977,29019.0
M001178,1978,29019.0
M001178,1979,29019.0
M001178,1980,29019.0
M001178,1981,29019.0
M001178,1982,29019.0
M001178,1983,29019.0
M001178,1984,29019.0
M001178,1985,29019.0
M001178,1986,29019.0
M001178,1987,29019.0
M001178,1988,25017.0
M001178,1988.0,29019.0
M001178,1989,25017.0
M001178,1990,25017.0
M001178,1991,25017.0
M001178,1992.0,25017.0
M001185,1984,11001.0
M001185,1985,11001.0
M001185,1986,51540.0
M001185,1986.0,11001.0
M001185,1987,51540.0
M001185,1988,51540.0
M001185,1989,51540.0
M001185,1990,51540.0
M001185,1991,51540.0
M001185,1992.0,51540.0
M001185,1997,11001.0
M001185,1998,11001.0
M001185,1999,11001.0
M001185,2000.0,11001.0
M001185,2007,36061.0
M001185,2008.0,36061.0
M001185,2013,36061.0
M001185,2014,36061.0
M001185,2015,36061.0
M001185,2016,36061.0
M001185,2017,36061.0
M001185,2018,36061.0
M001185,2019,36061.0
M001185,2020,36061.0
M001185,2021,36061.0
M001185,2022.0,36061.0
M001196,1978,25009.0
M001196,1979,25009.0
M001196,1980,25009.0
M001196,1981,25009.0
M001196,1982,25009.0
M001196,1983,25009.0
M001196,1984,25009.0
M001196,1985,25009.0
M001196,1986,25009.0
M001196,1987,25009.0
M001196,1988,25009.0
M001196,1989,25009.0
M001196,1990,25009.0
M001196,1991,25009.0
M001196,1992,25009.0
M001196,1993,25009.0
M001196,1994,25009.0
M001196,1995,25009.0
M001196,1996,25009.0
M001196,1997,25017.0
M001196,1997.0,25009.0
M001196,1998,25017.0
M001196,1999,25017.0
M001196,2000,25017.0
M001196,2001.0,25017.0
M001196,2008,25017.0
M001196,2009,25017.0
M001196,2010,25017.0
M001196,2011.0,25017.0
M001204,1964,36081.0
M001204,1965,36081.0
M001204,1966,36081.0
M001204,1967,36081.0
M001204,1968,36081.0
M001204,1969,36081.0
M001204,1970,36081.0
M001204,1971,36081.0
M001204,1972,36081.0
M001204,1973,36081.0
M001204,1974,36081.0
M001204,1975,36081.0
M001204,1976,36081.0
M001204,1977,36081.0
M001204,1978,36081.0
M001204,1979,36081.0
M001204,1980,36081.0
M001204,1981,36081.0
M001204,1982,36005.0
M001204,1982.0,36081.0
M001204,1983,36109.0
M001204,1983.0,36005.0
M001204,1984,36109.0
M001204,1985,36109.0
M001204,1986.0,36109.0
M001205,1950,39049.0
M001205,1951,39049.0
M001205,1952,39049.0
M001205,1953,39049.0
M001205,1954,39049.0
M001205,1955,39049.0
M001205,1956,39049.0
M001205,1957,39049.0
M001205,1958,39049.0
M001205,1959,39049.0
M001205,1960,39049.0
M001205,1961,39049.0
M001205,1962,39049.0
M001205,1963,39049.0
M001205,1964,39049.0
M001205,1965,39049.0
M001205,1966,39049.0
M001205,1967,39049.0
M001205,1968,45079.0
M001205,1968.0,39049.0
M001205,1969,45079.0
M001205,1970,45079.0
M001205,1971,45079.0
M001205,1972.0,45079.0
M001209,1974,49011.0
M001209,1975,49011.0
M001209,1976,49011.0
M001209,1977,49011.0
M001209,1978,49011.0
M001209,1979,49011.0
M001209,1980,49011.0
M001209,1981,49011.0
M001209,1982,49011.0
M001209,1983,49011.0
M001209,1984,49011.0
M001209,1985,49011.0
M001209,1986,49011.0
M001209,1987,49011.0
M001209,1988,49011.0
M001209,1989,49011.0
M001209,1990,49011.0
M001209,1991,49011.0
M001209,1992,49011.0
M001209,1993,49035.0
M001209,1993.0,49011.0
M001209,1994,49035.0
M001209,1995,49035.0
M001209,1996,49035.0
M001209,1997,49035.0
M001209,1998,49035.0
M001209,1999,49035.0
M001209,2000,36061.0
M001209,2000.0,49035.0
M001209,2001,36061.0
M001209,2002,36061.0
M001209,2003.0,36061.0
M001209,2008,49035.0
M001209,2009,49035.0
M001209,2010,49035.0
M001209,2011,49035.0
M001209,2012.0,49035.0
M001209,2013,49035.0
M001209,2014,49035.0
M001209,2015,49035.0
M001209,2016,49035.0
M001209,2017,49035.0
M001209,2018,49035.0
M001209,2019.0,49035.0
M001210,1963,37183.0
M001210,1964,37183.0
M001210,1965,37183.0
M001210,1966,37183.0
M001210,1967,37183.0
M001210,1968,37183.0
M001210,1969,37183.0
M001210,1970,37183.0
M001210,1971,37183.0
M001210,1972,37183.0
M001210,1973,37183.0
M001210,1974,37183.0
M001210,1975,37183.0
M001210,1976,37183.0
M001210,1977,37183.0
M001210,1978,37183.0
M001210,1979,37183.0
M001210,1980,37183.0
M001210,1981,37119.0
M001210,1981.0,37183.0
M001210,1982,37119.0
M001210,1983,37119.0
M001210,1984,37119.0
M001210,1985,37135.0
M001210,1985.0,37119.0
M001210,1986,37135.0
M001210,1987,37135.0
M001210,1988,37135.0
M001210,1989.0,37135.0
M001217,1980,12011.0
M001217,1981,12011.0
M001217,1982,12011.0
M001217,1983,12011.0
M001217,1984,12011.0
M001217,1985,12011.0
M001217,1986,12011.0
M001217,1987,12011.0
M001217,1988,12011.0
M001217,1989,12011.0
M001217,1990,12011.0
M001217,1991,12011.0
M001217,1992,12011.0
M001217,1993,12011.0
M001217,1994,12011.0
M001217,1995,12011.0
M001217,1996,12011.0
M001217,1997,12011.0
M001217,1998,12011.0
M001217,1999,11001.0
M001217,1999.0,12011.0
M001217,2000,11001.0
M001217,2001,11001.0
M001217,2002,11001.0
M001217,2003,12011.0
M001217,2003.0,11001.0
M001217,2004,12011.0
M001217,2005,12011.0
M001217,2006,12011.0
M001217,2007.0,12011.0
M001217,2022,12011.0
M001217,2023.0,12011.0
N000191,1984,6029.0
N000191,1985,6029.0
N000191,1986,6029.0
N000191,1987,6029.0
N000191,1988,6029.0
N000191,1989,6029.0
N000191,1990,6029.0
N000191,1991,6029.0
N000191,1992,6029.0
N000191,1993,6029.0
N000191,1994,6029.0
N000191,1995,6029.0
N000191,1996,6029.0
N000191,1997,6029.0
N000191,1998,6029.0
N000191,1999,6029.0
N000191,2000,6029.0
N000191,2001,6029.0
N000191,2002,8013.0
N000191,2002.0,6029.0
N000191,2003,8013.0
N000191,2004,8013.0
N000191,2005,8013.0
N000191,2006,8013.0
N000191,2007,8013.0
N000191,2008,8013.0
N000191,2009,8013.0
N000191,2010,8013.0
N000191,2011,8013.0
N000191,2012,8013.0
N000191,2013,8013.0
N000191,2014,8013.0
N000191,2015.0,8013.0
O000175,1971,47037.0
O000175,1972,47037.0
O000175,1973,47037.0
O000175,1974,47037.0
O000175,1975,47037.0
O000175,1976,47037.0
O000175,1977,47037.0
O000175,1978,47037.0
O000175,1979,47037.0
O000175,1980,47037.0
O000175,1981,47037.0
O000175,1982,47037.0
O000175,1983,47037.0
O000175,1984,47037.0
O000175,1985,47037.0
O000175,1986,47037.0
O000175,1987,47037.0
O000175,1988,47037.0
O000175,1989,47037.0
O000175,1990,47149.0
O000175,1990.0,47037.0
O000175,1991,47149.0
O000175,1992,47149.0
O000175,1993,47149.0
O000175,1994,47149.0
O000175,1995,47149.0
O000175,1996,47149.0
O000175,1997,47149.0
O000175,1998,47149.0
O000175,1999,47149.0
O000175,2000,47149.0
O000175,2001,47149.0
O000175,2002,47149.0
O000175,2003,47149.0
O000175,2004,47149.0
O000175,2005,47149.0
O000175,2006,47149.0
O000175,2007.0,47149.0
O000175,2018,47119.0
O000175,2019,47119.0
O000175,2020,47119.0
O000175,2021,47119.0
O000175,2022.0,47119.0
P000096,1937,34031.0
P000096,1938,34031.0
P000096,1939,34031.0
P000096,1940,34031.0
P000096,1941,34031.0
P000096,1942,34031.0
P000096,1943,34031.0
P000096,1944,34031.0
P000096,1945,34031.0
P000096,1946,34031.0
P000096,1947,34031.0
P000096,1948,34031.0
P000096,1949,34031.0
P000096,1950,34031.0
P000096,1951,34031.0
P000096,1952,34031.0
P000096,1953,34031.0
P000096,1954,34031.0
P000096,1955,36061.0
P000096,1955.0,34031.0
P000096,1956,36061.0
P000096,1957,36061.0
P000096,1958,36061.0
P000096,1959,36061.0
P000096,1960,36061.0
P000096,1961.0,36061.0
P000096,1979,34031.0
P000096,1980,34031.0
P000096,1981,34031.0
P000096,1982.0,34031.0
P000096,1990,34031.0
P000096,1991,34031.0
P000096,1992,34031.0
P000096,1993,34031.0
P000096,1994,34031.0
P000096,1995,34031.0
P000096,1996.0,34031.0
P000601,1970,28047.0
P000601,1971,28047.0
P000601,1972,28047.0
P000601,1973,28047.0
P000601,1974,28047.0
P000601,1975,28047.0
P000601,1976,28047.0
P000601,1977,28047.0
P000601,1978,28047.0
P000601,1979,28047.0
P000601,1980,28047.0
P000601,1981,28047.0
P000601,1982,28047.0
P000601,1983,28047.0
P000601,1984,28047.0
P000601,1985,28047.0
P000601,1986,28047.0
P000601,1987,28047.0
P000601,1988,28035.0
P000601,1988.0,28047.0
P000601,1989,28035.0
P000601,1990,28035.0
P000601,1991,28035.0
P000601,1992,28035.0
P000601,1993,28035.0
P000601,1994,28035.0
P000601,1995,28035.0
P000601,1996.0,28035.0
P000607,1964,55059.0
P000607,1965,55059.0
P000607,1966,55059.0
P000607,1967,55059.0
P000607,1968,55059.0
P000607,1969,55059.0
P000607,1970,55059.0
P000607,1971,55059.0
P000607,1972,55059.0
P000607,1973,55059.0
P000607,1974,55059.0
P000607,1975,55059.0
P000607,1976,55059.0
P000607,1977,55059.0
P000607,1978,55059.0
P000607,1979,55059.0
P000607,1980,55059.0
P000607,1981,55059.0
P000607,1982,55025.0
P000607,1982.0,55059.0
P000607,1983,55025.0
P000607,1984,55025.0
P000607,1985,55025.0
P000607,1986.0,55025.0
P000607,1991,55025.0
P000607,1992,55025.0
P000607,1993,55025.0
P000607,1994,55025.0
P000607,1995,55025.0
P000607,1996.0,55025.0
P000609,1954,1133.0
P000609,1955,1133.0
P000609,1956,1133.0
P000609,1957,1133.0
P000609,1958,1133.0
P000609,1959,1133.0
P000609,1960,1133.0
P000609,1961,1133.0
P000609,1962,1133.0
P000609,1963,1133.0
P000609,1964,1133.0
P000609,1965,1133.0
P000609,1966,1133.0
P000609,1967,1133.0
P000609,1968,1133.0
P000609,1969,1133.0
P000609,1970,1133.0
P000609,1971,1133.0
P000609,1972,1059.0
P000609,1972.0,1133.0
P000609,1973,1059.0
P000609,1974,1125.0
P000609,1974.0,1059.0
P000609,1975,1125.0
P000609,1976,1125.0
P000609,1977.0,1125.0
R000395,1937,21231.0
R000395,1938,21231.0
R000395,1939,21231.0
R000395,1940,21231.0
R000395,1941,21231.0
R000395,1942,21231.0
R000395,1943,21231.0
R000395,1944,21231.0
R000395,1945,21231.0
R000395,1946,21231.0
R000395,1947,21231.0
R000395,1948,21231.0
R000395,1949,21231.0
R000395,1950,21231.0
R000395,1951,21231.0
R000395,1952,21231.0
R000395,1953,21231.0
R000395,1954,21231.0
R000395,1955,21231.0
R000395,1956,21067.0
R000395,1956.0,21231.0
R000395,1957,21067.0
R000395,1958,21067.0
R000395,1959,21067.0
R000395,1960,21067.0
R000395,1961,21067.0
R000395,1962,21067.0
R000395,1963,21067.0
R000395,1964.0,21067.0
R000395,1969,21203.0
R000395,1970,21203.0
R000395,1971,21203.0
R000395,1972,21203.0
R000395,1973,21203.0
R000395,1974,21203.0
R000395,1975,21203.0
R000395,1976,21203.0
R000395,1977,21203.0
R000395,1978,21203.0
R000395,1979,21203.0
R000395,1980,11001.0
R000395,1980.0,21203.0
R000395,1981,11001.0
R000395,1982,11001.0
R000395,1983,11001.0
R000395,1984,11001.0
R000395,1985,11001.0
R000395,1986,11001.0
R000395,1987,11001.0
R000395,1988,11001.0
R000395,1989,11001.0
R000395,1990,11001.0
R000395,1991,11001.0
R000395,1992,11001.0
R000395,1993,11001.0
R000395,1994,11001.0
R000395,1995,11001.0
R000395,1996,11001.0
R000395,1997,11001.0
R000395,1998,11001.0
R000395,1999,11001.0
R000395,2000,11001.0
R000395,2001,11001.0
R000395,2002,11001.0
R000395,2003,11001.0
R000395,2004,11001.0
R000395,2005,11001.0
R000395,2006,11001.0
R000395,2007,11001.0
R000395,2008,11001.0
R000395,2009,11001.0
R000395,2010,11001.0
R000395,2011,11001.0
R000395,2012,11001.0
R000395,2013,11001.0
R000395,2014,11001.0
R000395,2015,11001.0
R000395,2016,11001.0
R000395,2017,11001.0
R000395,2018,11001.0
R000395,2019,11001.0
R000395,2020,11001.0
R000395,2021,11001.0
R000395,2022,11001.0
R000395,2023.0,11001.0
R000580,1961,17043.0
R000580,1962,17043.0
R000580,1963,17043.0
R000580,1964,17043.0
R000580,1965,17043.0
R000580,1966,17043.0
R000580,1967,17043.0
R000580,1968,17043.0
R000580,1969,17043.0
R000580,1970,17043.0
R000580,1971,17043.0
R000580,1972,17043.0
R000580,1973,17043.0
R000580,1974,17043.0
R000580,1975,17043.0
R000580,1976,17043.0
R000580,1977,17043.0
R000580,1978,17043.0
R000580,1979,17043.0
R000580,1980,17043.0
R000580,1981,17043.0
R000580,1982,17043.0
R000580,1983.0,17043.0
R000580,1987,17031.0
R000580,1988,17031.0
R000580,1989.0,17031.0
R000580,2007,11001.0
R000580,2008,11001.0
R000580,2009,11001.0
R000580,2010,11001.0
R000580,2011,11001.0
R000580,2012,11001.0
R000580,2013,11001.0
R000580,2014,11001.0
R000580,2015,11001.0
R000580,2016,11001.0
R000580,2017,11001.0
R000580,2018,11001.0
R000580,2019.0,11001.0
R000615,1947,26163.0
R000615,1948,26163.0
R000615,1949,26163.0
R000615,1950,26163.0
R000615,1951,26163.0
R000615,1952,26163.0
R000615,1953,26163.0
R000615,1954,26163.0
R000615,1955,26163.0
R000615,1956,26163.0
R000615,1957,26163.0
R000615,1958,26163.0
R000615,1959,26163.0
R000615,1960,26163.0
R000615,1961,26163.0
R000615,1962,26163.0
R000615,1963,26163.0
R000615,1964,26163.0
R000615,1965,49049.0
R000615,1965.0,26163.0
R000615,1966,49049.0
R000615,1967,49049.0
R000615,1968,49049.0
R000615,1969,49049.0
R000615,1970,49049.0
R000615,1971,25017.0
R000615,1971.0,49049.0
R000615,1972,25017.0
R000615,1973,25017.0
R000615,1974,25017.0
R000615,1975.0,25017.0
S000480,1929,21095.0
S000480,1930,21095.0
S000480,1931,21095.0
S000480,1932,21095.0
S000480,1933,21095.0
S000480,1934,21095.0
S000480,1935,21095.0
S000480,1936,21095.0
S000480,1937,21095.0
S000480,1938,21095.0
S000480,1939,21095.0
S000480,1940,21095.0
S000480,1941,21095.0
S000480,1942,21095.0
S000480,1943,21095.0
S000480,1944,21095.0
S000480,1945,21095.0
S000480,1946,21095.0
S000480,1947,21067.0
S000480,1947.0,21095.0
S000480,1948,21067.0
S000480,1949,21067.0
S000480,1950,21067.0
S000480,1951,21067.0
S000480,1952,21067.0
S000480,1953.0,21067.0
S000480,1976,36055.0
S000480,1976,36061.0
S000480,1977,36055.0
S000480,1977,36061.0
S000480,1978,36055.0
S000480,1978,36061.0
S000480,1979,36061.0
S000480,1979.0,36055.0
S000480,1980,36061.0
S000480,1981,36061.0
S000480,1982,36061.0
S000480,1983,36061.0
S000480,1984,36061.0
S000480,1985,36061.0
S000480,1986.0,36061.0
S000480,1987,11001.0
S000480,1988,11001.0
S000480,1989,11001.0
S000480,1990,11001.0
S000480,1991,11001.0
S000480,1992,11001.0
S000480,1993,11001.0
S000480,1994,11001.0
S000480,1995,11001.0
S000480,1996,11001.0
S000480,1997,11001.0
S000480,1998,11001.0
S000480,1999,11001.0
S000480,2000,11001.0
S000480,2001,11001.0
S000480,2002,11001.0
S000480,2003,11001.0
S000480,2004,11001.0
S000480,2005,11001.0
S000480,2006,11001.0
S000480,2007,11001.0
S000480,2008,11001.0
S000480,2009,11001.0
S000480,2010,11001.0
S000480,2011,11001.0
S000480,2012,11001.0
S000480,2013,11001.0
S000480,2014,11001.0
S000480,2015,11001.0
S000480,2016,11001.0
S000480,2017,11001.0
S000480,2018.0,11001.0
S000749,1942,37119.0
S000749,1943,37119.0
S000749,1944,37119.0
S000749,1945,37119.0
S000749,1946,37119.0
S000749,1947,37119.0
S000749,1948,37119.0
S000749,1949,37119.0
S000749,1950,37119.0
S000749,1951,37119.0
S000749,1952,37119.0
S000749,1953,37119.0
S000749,1954,37119.0
S000749,1955,37119.0
S000749,1956,37119.0
S000749,1957,37119.0
S000749,1958,37119.0
S000749,1959,37119.0
S000749,1960,45091.0
S000749,1960.0,37119.0
S000749,1961,45091.0
S000749,1962,45091.0
S000749,1963,45091.0
S000749,1964.0,45091.0
S000749,1966,9170.0
S000749,1967,9170.0
S000749,1968,9170.0
S000749,1969.0,9170.0
S000937,1956,26125.0
S000937,1957,26125.0
S000937,1958,26125.0
S000937,1959,26125.0
S000937,1960,26125.0
S000937,1961,26125.0
S000937,1962,26125.0
S000937,1963,26125.0
S000937,1964,26125.0
S000937,1965,26125.0
S000937,1966,26125.0
S000937,1967,26125.0
S000937,1968,26125.0
S000937,1969,26125.0
S000937,1970,26125.0
S000937,1971,26125.0
S000937,1972,26125.0
S000937,1973,26125.0
S000937,1974,26125.0
S000937,1975.0,26125.0
S000937,1990,48201.0
S000937,1991,48201.0
S000937,1992,48201.0
S000937,1993,48201.0
S000937,1994.0,48201.0
S001159,1980,53033.0
S001159,1981,53033.0
S001159,1982,53033.0
S001159,1983,53033.0
S001159,1984,13121.0
S001159,1984.0,53033.0
S001159,1985,13121.0
S001159,1986,13121.0
S001159,1987,13121.0
S001159,1988,13121.0
S001159,1989,13121.0
S001159,1990,13121.0
S001159,1991,13121.0
S001159,1992.0,13121.0
S001159,2008,53053.0
S001159,2009,53053.0
S001159,2010,53053.0
S001159,2011,53053.0
S001159,2012,53053.0
S001159,2013,53053.0
S001159,2014,53053.0
S001159,2015,53053.0
S001159,2016,53053.0
S001159,2017.0,53053.0
S001159,2018,53033.0
S001159,2019.0,53033.0
S001210,1966,12057.0
S001210,1967,12057.0
S001210,1968,12057.0
S001210,1969,12057.0
S001210,1970,12057.0
S001210,1971,12057.0
S001210,1972,12057.0
S001210,1973,12057.0
S001210,1974,12057.0
S001210,1975,12057.0
S001210,1976,12057.0
S001210,1977,12057.0
S001210,1978,12057.0
S001210,1979,12057.0
S001210,1980,12057.0
S001210,1981,12057.0
S001210,1982,12057.0
S001210,1983,12057.0
S001210,1984,12057.0
S001210,1985,12057.0
S001210,1986,12057.0
S001210,1987,12057.0
S001210,1988,12057.0
S001210,1989,12057.0
S001210,1990,12057.0
S001210,1991,12057.0
S001210,1992,12057.0
S001210,1993,12057.0
S001210,1994,12073.0
S001210,1994.0,12057.0
S001210,1995,12073.0
S001210,1996,12073.0
S001210,1997,12073.0
S001210,1998.0,12073.0
S001216,1968,6037.0
S001216,1969,6037.0
S001216,1970,6037.0
S001216,1971,6037.0
S001216,1972,6037.0
S001216,1973,6037.0
S001216,1974,6037.0
S001216,1975,6037.0
S001216,1976,6037.0
S001216,1977,6037.0
S001216,1978,6037.0
S001216,1979,6037.0
S001216,1980,6037.0
S001216,1981,6037.0
S001216,1982,6037.0
S001216,1983,6037.0
S001216,1984,6037.0
S001216,1985,6037.0
S001216,1986,6001.0
S001216,1986.0,6037.0
S001216,1987,6001.0
S001216,1988,6001.0
S001216,1989,6001.0
S001216,1990,6001.0
S001216,1991,6113.0
S001216,1991.0,6001.0
S001216,1992,6113.0
S001216,1993,6113.0
S001216,1994,6113.0
S001216,1995,6113.0
S001216,1996,6113.0
S001216,1997,6085.0
S001216,1997.0,6113.0
S001216,1998,6085.0
S001216,1999,6085.0
S001216,2000.0,6085.0
S001216,2019,11001.0
S001216,2020,11001.0
S001216,2021,11001.0
S001216,2022,11001.0
S001216,2023.0,11001.0
S001220,1970,1089.0
S001220,1971,1089.0
S001220,1972,1089.0
S001220,1973,1089.0
S001220,1974,1089.0
S001220,1975,1089.0
S001220,1976,1089.0
S001220,1977,1089.0
S001220,1978,1089.0
S001220,1979,1089.0
S001220,1980,1089.0
S001220,1981,1089.0
S001220,1982,1089.0
S001220,1983,1089.0
S001220,1984,1089.0
S001220,1985,1089.0
S001220,1986,1089.0
S001220,1987,1089.0
S001220,1988,1083.0
S001220,1988.0,1089.0
S001220,1989,1083.0
S001220,1990,1083.0
S001220,1991,1083.0
S001220,1992,1089.0
S001220,1992.0,1083.0
S001220,1993,1089.0
S001220,1994,1089.0
S001220,1995,1089.0
S001220,1996,1089.0
S001220,1997,1089.0
S001220,1998,1089.0
S001220,1999,1089.0
S001220,2000,1089.0
S001220,2001,1089.0
S001220,2002,1089.0
S001220,2003,1089.0
S001220,2004,1089.0
S001220,2005,1089.0
S001220,2006,1089.0
S001220,2007,1089.0
S001220,2008,1089.0
S001220,2009,1089.0
S001220,2010,1089.0
S001220,2011,1089.0
S001220,2012,1089.0
S001220,2013,1089.0
S001220,2014,1089.0
S001220,2015,1089.0
S001220,2016,1089.0
S001220,2017,1089.0
S001220,2018,1089.0
S001220,2019,1089.0
S001220,2020,1089.0
S001220,2021,1089.0
S001220,2022.0,1089.0
T000462,1962,39049.0
T000462,1963,39049.0
T000462,1964,39049.0
T000462,1965,39049.0
T000462,1966,39049.0
T000462,1967,39049.0
T000462,1968,39049.0
T000462,1969,39049.0
T000462,1970,39049.0
T000462,1971,39049.0
T000462,1972,39049.0
T000462,1973,39049.0
T000462,1974,39049.0
T000462,1975,39049.0
T000462,1976,39049.0
T000462,1977,39049.0
T000462,1978,39049.0
T000462,1979,39049.0
T000462,1980,39049.0
T000462,1981,39049.0
T000462,1982,39049.0
T000462,1983,39049.0
T000462,1984,39049.0
T000462,1985.0,39049.0
T000462,2001,11001.0
T000462,2002,11001.0
T000462,2003,11001.0
T000462,2004,11001.0
T000462,2005,11001.0
T000462,2006,11001.0
T000462,2007,11001.0
T000462,2008,11001.0
T000462,2009,11001.0
T000462,2010,11001.0
T000462,2011,11001.0
T000462,2012,11001.0
T000462,2013,11001.0
T000462,2014,11001.0
T000462,2015,11001.0
T000462,2016,11001.0
T000462,2017,11001.0
T000462,2018.0,11001.0
T000467,1981,42101.0
T000467,1982,42101.0
T000467,1983,42101.0
T000467,1984,42101.0
T000467,1985,42101.0
T000467,1986,42101.0
T000467,1987,42101.0
T000467,1988.0,42101.0
T000467,1990,42013.0
T000467,1991,42013.0
T000467,1992,42013.0
T000467,1993,42013.0
T000467,1994,42013.0
T000467,1995.0,42013.0
T000467,2002,42027.0
T000467,2003,42027.0
T000467,2004,42027.0
T000467,2005,42027.0
T000467,2006,42027.0
T000467,2007,42027.0
T000467,2008.0,42027.0
T000478,1961,36065.0
T000478,1962,36065.0
T000478,1963,36065.0
T000478,1964,36065.0
T000478,1965,36065.0
T000478,1966,36065.0
T000478,1967,36065.0
T000478,1968,36065.0
T000478,1969,36065.0
T000478,1970,36065.0
T000478,1971,36065.0
T000478,1972,36065.0
T000478,1973,36065.0
T000478,1974,36065.0
T000478,1975,36065.0
T000478,1976,36065.0
T000478,1977,36065.0
T000478,1978,36065.0
T000478,1979.0,36065.0
T000478,1983,39061.0
T000478,1984,39061.0
T000478,1985,39061.0
T000478,1986,39061.0
T000478,1987.0,39061.0
T000478,2011,36061.0
T000478,2012,36061.0
T000478,2013,36061.0
T000478,2014,36061.0
T000478,2015,36061.0
T000478,2016.0,36061.0
T000488,1977,39153.0
T000488,1978,39153.0
T000488,1979,39153.0
T000488,1980,39153.0
T000488,1981,39153.0
T000488,1982,26161.0
T000488,1982.0,39153.0
T000488,1983,26161.0
T000488,1984.0,26161.0
W000154,1927,11001.0
W000154,1928,11001.0
W000154,1929,11001.0
W000154,1930,11001.0
W000154,1931,11001.0
W000154,1932,11001.0
W000154,1933,11001.0
W000154,1934,11001.0
W000154,1935,11001.0
W000154,1936,11001.0
W000154,1937,11001.0
W000154,1938,11001.0
W000154,1939,11001.0
W000154,1940,11001.0
W000154,1941,11001.0
W000154,1942,11001.0
W000154,1943,11001.0
W000154,1944.0,11001.0
W000154,1946,51678.0
W000154,1947,51678.0
W000154,1948,51678.0
W000154,1949,11001.0
W000154,1949.0,51678.0
W000154,1950.0,11001.0
W000154,1952,11001.0
W000154,1953,11001.0
W000154,1954.0,11001.0
W000154,1955,11001.0
W000154,1956,11001.0
W000154,1957,11001.0
W000154,1958,11001.0
W000154,1959,11001.0
W000154,1960.0,11001.0
W000154,1969,11001.0
W000154,1970,11001.0
W000154,1971,11001.0
W000154,1972,11001.0
W000154,1973,11001.0
W000154,1974,11001.0
W000154,1975,11001.0
W000154,1976.0,11001.0
W000154,1978,11001.0
W000154,1979,51510.0
W000154,1979.0,11001.0
W000154,1980,51510.0
W000154,1981,51510.0
W000154,1982,51510.0
W000154,1983,51510.0
W000154,1984,51510.0
W000154,1985,51510.0
W000154,1986,51510.0
W000154,1987,51510.0
W000154,1988,51510.0
W000154,1989,51510.0
W000154,1990,51510.0
W000154,1991,51510.0
W000154,1992,51510.0
W000154,1993,51510.0
W000154,1994,51510.0
W000154,1995,51510.0
W000154,1996,51510.0
W000154,1997,51510.0
W000154,1998,51510.0
W000154,1999,51510.0
W000154,2000,51510.0
W000154,2001,51510.0
W000154,2002,51510.0
W000154,2003,51510.0
W000154,2004,51510.0
W000154,2005,51510.0
W000154,2006,51510.0
W000154,2007,51510.0
W000154,2008,51510.0
W000154,2009.0,51510.0
W000154,2021,51013.0
W000207,1963,37135.0
W000207,1964,37135.0
W000207,1965,37135.0
W000207,1966,37135.0
W000207,1967,9170.0
W000207,1967.0,37135.0
W000207,1968,9170.0
W000207,1969,9170.0
W000207,1970.0,9170.0
W000268,1947,42045.0
W000268,1948,42045.0
W000268,1949,42045.0
W000268,1950,42045.0
W000268,1951,42045.0
W000268,1952,42045.0
W000268,1953,42045.0
W000268,1954,42045.0
W000268,1955,42045.0
W000268,1956,42045.0
W000268,1957,42045.0
W000268,1958,42045.0
W000268,1959,42045.0
W000268,1960,42045.0
W000268,1961,42045.0
W000268,1962,42045.0
W000268,1963,42045.0
W000268,1964,42045.0
W000268,1965,42045.0
W000268,1966,42045.0
W000268,1967,42045.0
W000268,1968,42045.0
W000268,1969.0,42045.0
W000268,1977,42045.0
W000268,1978,42045.0
W000268,1979,42045.0
W000268,1980,42045.0
W000268,1981,42045.0
W000268,1982,42045.0
W000268,1983,42045.0
W000268,1984,42045.0
W000268,1985,42045.0
W000268,1986.0,42045.0
W000273,1957,17099.0
W000273,1958,17099.0
W000273,1959,17099.0
W000273,1960,17099.0
W000273,1961,17099.0
W000273,1962,17099.0
W000273,1963,17099.0
W000273,1964,17099.0
W000273,1965,17099.0
W000273,1966,17099.0
W000273,1967,17099.0
W000273,1968,17099.0
W000273,1969,17099.0
W000273,1970,17099.0
W000273,1971,17099.0
W000273,1972,17099.0
W000273,1973,17099.0
W000273,1974,17099.0
W000273,1975,17197.0
W000273,1975.0,17099.0
W000273,1976,17019.0
W000273,1976.0,17197.0
W000273,1977,17019.0
W000273,1978,17019.0
W000273,1979.0,17019.0
W000273,1981,11001.0
W000273,1982,11001.0
W000273,1983,11001.0
W000273,1984,11001.0
W000273,1985.0,11001.0
W000273,1995,11001.0
W000273,1996,11001.0
W000273,1997,11001.0
W000273,1998,11001.0
W000273,1999,11001.0
W000273,2000,11001.0
W000273,2001,11001.0
W000273,2002,11001.0
W000273,2003,11001.0
W000273,2004,11001.0
W000273,2005,11001.0
W000273,2006,11001.0
W000273,2007,11001.0
W000273,2008,11001.0
W000273,2009.0,11001.0
W000794,1933,6037.0
W000794,1934,6037.0
W000794,1935,6037.0
W000794,1936,6037.0
W000794,1937,6037.0
W000794,1938,6037.0
W000794,1939,6037.0
W000794,1940,6037.0
W000794,1941,6037.0
W000794,1942,6037.0
W000794,1943,6037.0
W000794,1944,6037.0
W000794,1945,6037.0
W000794,1946,6037.0
W000794,1947,6037.0
W000794,1948,6037.0
W000794,1949,6037.0
W000794,1950,6037.0
W000794,1951,6037.0
W000794,1952,6037.0
W000794,1953,6037.0
W000794,1954,6037.0
W000794,1955,6037.0
W000794,1956,6037.0
W000794,1957,6037.0
W000794,1958,6037.0
W000794,1959,6037.0
W000794,1960,6037.0
W000794,1961,6037.0
W000794,1962,6037.0
W000794,1963,6037.0
W000794,1964,6037.0
W000794,1965,6037.0
W000794,1966,6037.0
W000794,1967,25017.0
W000794,1967.0,6037.0
W000794,1968,25017.0
W000794,1969,25017.0
W000794,1970,25017.0
W000794,1971.0,25017.0
W000794,2001,11001.0
W000794,2002,11001.0
W000794,2003,11001.0
W000794,2004,11001.0
W000794,2005,11001.0
W000794,2006,11001.0
W000794,2007,11001.0
W000794,2008,11001.0
W000794,2009,11001.0
W000794,2010,11001.0
W000794,2011.0,11001.0
W000804,1959,11001.0
W000804,1960,11001.0
W000804,1961,11001.0
W000804,1962,11001.0
W000804,1963,11001.0
W000804,1964,11001.0
W000804,1965,11001.0
W000804,1966,11001.0
W000804,1967,11001.0
W000804,1968,11001.0
W000804,1969,11001.0
W000804,1970,11001.0
W000804,1971,11001.0
W000804,1972,11001.0
W000804,1973,11001.0
W000804,1974,11001.0
W000804,1975,11001.0
W000804,1976,11001.0
W000804,1977,11001.0
W000804,1978,11001.0
W000804,1979,11001.0
W000804,1980,11001.0
W000804,1981,37135.0
W000804,1981.0,11001.0
W000804,1982,37135.0
W000804,1983,37135.0
W000804,1984,37135.0
W000804,1985,37135.0
W000804,1986,37135.0
W000804,1987,37135.0
W000804,1988,37135.0
W000804,1989,37135.0
W000804,1990,51760.0
W000804,1990.0,37135.0
W000804,1991,51760.0
W000804,1992,51760.0
W000804,1993,51760.0
W000804,1994,51760.0
W000804,1995,51760.0
W000804,1996,51760.0
W000804,1997,51760.0
W000804,1998,51760.0
W000804,1999,51760.0
W000804,2000,51760.0
W000804,2001,51760.0
W000804,2002.0,51760.0
W000809,1957,5115.0
W000809,1958,5115.0
W000809,1959,5115.0
W000809,1960,5115.0
W000809,1961,5115.0
W000809,1962,5115.0
W000809,1963,5115.0
W000809,1964,5115.0
W000809,1965,5115.0
W000809,1966,5115.0
W000809,1967,5115.0
W000809,1968,5115.0
W000809,1969,5115.0
W000809,1970,5115.0
W000809,1971,5115.0
W000809,1972,5115.0
W000809,1973,5115.0
W000809,1974,5115.0
W000809,1975,5115.0
W000809,1976,5115.0
W000809,1977,5115.0
W000809,1978,5115.0
W000809,1979.0,5115.0
W000809,1983,5007.0
W000809,1984.0,5007.0
W000809,1997,5007.0
W000809,1998.0,5007.0
W000809,1999,5007.0
W000809,2000,5007.0
W000809,2001,5007.0
W000809,2002,5007.0
W000809,2003,5007.0
W000809,2004,5007.0
W000809,2005,5007.0
W000809,2006,5007.0
W000809,2007,5007.0
W000809,2008,5007.0
W000809,2009,5007.0
W000809,2010.0,5007.0
Z000017,1980,36059.0
Z000017,1981,36059.0
Z000017,1982,36059.0
Z000017,1983,36059.0
Z000017,1984,36059.0
Z000017,1985,36059.0
Z000017,1986,36059.0
Z000017,1987,36059.0
Z000017,1988,36059.0
Z000017,1989,36059.0
Z000017,1990,36059.0
Z000017,1991,36059.0
Z000017,1992,36059.0
Z000017,1993,36059.0
Z000017,1994,36059.0
Z000017,1995,36059.0
Z000017,1996,36059.0
Z000017,1997,36059.0
Z000017,1998,36001.0
Z000017,1998.0,36059.0
Z000017,1999,36001.0
Z000017,2000,36001.0
Z000017,2001,36001.0
Z000017,2002,36001.0
Z000017,2003.0,36001.0
Z000017,2011,36061.0
Z000017,2012,36061.0
Z000017,2013,36061.0
Z000017,2014,11001.0
Z000017,2014.0,36061.0
Z000017,2015,11001.0
Z000017,2016,11001.0
Z000017,2017,11001.0
Z000017,2018,11001.0
Z000017,2019,11001.0
Z000017,2020,11001.0
Z000017,2021,11001.0
Z000017,2022,11001.0
Z000017,2023.0,11001.0
